_id,userId,placementID,leg,rightPoints,leftPoints,totalRightPoints,totalLeftPoints,convertedPoints
MC340443,MC340443,MC274248,L,4061725,5000000,,,
MC297824,MC297824,MC340443,L,0,5000000,,,
MC813689,MC813689,MC297824,L,0,5000000,,,
MC891316,MC891316,MC813689,L,0,5000000,,,
MC229951,MC229951,MC891316,L,0,5000000,,,
MC932241,MC932241,MC229951,L,0,5000000,,,
MC965618,MC965618,MC932241,L,0,5000000,,,
MC298460,MC298460,MC965618,L,0,5000000,,,
MC347358,MC347358,MC298460,L,0,5000000,,,
MC784970,MC784970,MC347358,L,NULL,NULL,,,
MC1897522,MC1897522,MC340443,R,101000,3958225,,,
MC2951876,MC2951876,MC1897522,L,0,3957225,,,
MC2862160,MC2862160,MC1897522,R,100000,0,,,
MC6588012,MC6588012,MC2951876,L,714145,3243080,,,
MC3565289,MC3565289,MC2862160,R,0,100000,,,
MC3609920,MC3609920,MC6588012,L,0,3243080,,,
MC5545302,MC5545302,MC6588012,R,714145,0,,,
MC8954564,MC8954564,MC5545302,R,508555,205590,,,
MC5338022,MC5338022,MC8954564,R,508555,0,,,
MC5200729,MC5200729,MC5338022,R,508555,0,,,
MC1068047,MC1068047,MC3565289,L,0,100000,,,
MC4744467,MC4744467,MC1068047,L,0,100000,,,
MC1768527,MC1768527,MC4744467,L,0,100000,,,
MC5207117,MC5207117,MC1768527,L,0,100000,,,
MC8698756,MC8698756,MC5207117,L,0,100000,,,
MC8569614,MC8569614,MC8698756,L,0,100000,,,
MC7216230,MC7216230,MC8569614,L,0,100000,,,
MC5622035,MC5622035,MC7216230,L,0,100000,,,
MC3316131,MC3316131,MC5622035,L,0,100000,,,
MC7665843,MC7665843,MC3316131,L,0,100000,,,
MC4777576,MC4777576,MC7665843,L,0,100000,,,
MC9568773,MC9568773,MC4777576,L,0,100000,,,
MC4386143,MC4386143,MC9568773,L,0,100000,,,
MC8368982,MC8368982,MC4386143,L,0,100000,,,
MC2128818,MC2128818,MC8368982,L,0,100000,,,
MC5157859,MC5157859,MC2128818,L,0,100000,,,
MC3098792,MC3098792,MC5157859,L,0,100000,,,
MC5312292,MC5312292,MC3098792,L,0,100000,,,
MC5225741,MC5225741,MC5312292,L,0,100000,,,
MC9922799,MC9922799,MC5225741,L,0,100000,,,
MC8633412,MC8633412,MC9922799,L,0,100000,,,
MC9522075,MC9522075,MC8633412,L,0,100000,,,
MC6444641,MC6444641,MC9522075,L,0,100000,,,
MC2731274,MC2731274,MC6444641,L,0,100000,,,
MC6492749,MC6492749,MC2731274,L,0,100000,,,
MC4696543,MC4696543,MC6492749,L,0,100000,,,
MC4627016,MC4627016,MC4696543,L,0,100000,,,
MC1535522,MC1535522,MC4627016,L,0,100000,,,
MC9082002,MC9082002,MC1535522,L,0,100000,,,
MC9709663,MC9709663,MC9082002,L,0,100000,,,
MC3439775,MC3439775,MC9709663,L,0,100000,,,
MC6597063,MC6597063,MC3439775,L,0,100000,,,
MC9060362,MC9060362,MC6597063,L,0,100000,,,
MC7473253,MC7473253,MC9060362,L,0,100000,,,
MC3387391,MC3387391,MC7473253,L,0,100000,,,
MC6951533,MC6951533,MC3387391,L,0,100000,,,
MC6974860,MC6974860,MC6951533,L,0,100000,,,
MC4196849,MC4196849,MC6974860,L,0,100000,,,
MC6599057,MC6599057,MC4196849,L,0,100000,,,
MC7755332,MC7755332,MC6599057,L,0,100000,,,
MC4722591,MC4722591,MC7755332,L,0,100000,,,
MC8429564,MC8429564,MC4722591,L,0,100000,,,
MC1172552,MC1172552,MC8429564,L,0,100000,,,
MC3410503,MC3410503,MC1172552,L,0,100000,,,
MC2564853,MC2564853,MC3410503,L,0,100000,,,
MC3012597,MC3012597,MC2564853,L,0,100000,,,
MC1696612,MC1696612,MC3012597,L,0,100000,,,
MC1233624,MC1233624,MC1696612,L,0,100000,,,
MC3406171,MC3406171,MC1233624,L,0,100000,,,
MC3849201,MC3849201,MC3406171,L,0,100000,,,
MC1688888,MC1688888,MC3849201,L,0,100000,,,
MC2171514,MC2171514,MC1688888,L,0,100000,,,
MC8420022,MC8420022,MC2171514,L,0,100000,,,
MC5031761,MC5031761,MC8420022,L,0,100000,,,
MC8757354,MC8757354,MC5031761,L,0,100000,,,
MC4495513,MC4495513,MC8757354,L,0,100000,,,
MC5260583,MC5260583,MC4495513,L,0,100000,,,
MC3924419,MC3924419,MC5260583,L,0,100000,,,
MC9893697,MC9893697,MC3924419,L,0,100000,,,
MC6762693,MC6762693,MC9893697,L,0,100000,,,
MC21397634,MC21397634,MC6762693,L,0,100000,,,
MC6590557,MC6590557,MC21397634,L,0,100000,,,
MC5366216,MC5366216,MC6590557,L,0,100000,,,
MC1175440,MC1175440,MC5366216,L,0,100000,,,
MC3460420,MC3460420,MC1175440,L,0,100000,,,
MC1359142,MC1359142,MC3460420,L,0,100000,,,
MC4738837,MC4738837,MC1359142,L,0,100000,,,
MC2952775,MC2952775,MC4738837,L,0,100000,,,
MC2034315,MC2034315,MC2952775,L,0,100000,,,
MC60430053,MC60430053,MC2034315,L,0,100000,,,
MC9891246,MC9891246,MC60430053,L,0,100000,,,
MC7975292,MC7975292,MC9891246,L,0,100000,,,
MC8620000,MC8620000,MC7975292,L,0,100000,,,
MC1240685,MC1240685,MC8620000,L,0,100000,,,
MC6436147,MC6436147,MC1240685,L,0,100000,,,
MC8836782,MC8836782,MC6436147,L,0,100000,,,
MC7768883,MC7768883,MC8836782,L,0,100000,,,
MC5596438,MC5596438,MC7768883,L,0,100000,,,
MC1275484,MC1275484,MC5596438,L,0,100000,,,
MC2223992,MC2223992,MC1275484,L,0,100000,,,
MC2078154,MC2078154,MC2223992,L,0,100000,,,
MC9954844,MC9954844,MC2078154,L,0,100000,,,
MC9781989,MC9781989,MC9954844,L,0,100000,,,
MC2851448,MC2851448,MC9781989,L,0,100000,,,
MC1487199,MC1487199,MC2851448,L,0,100000,,,
MC8161087,MC8161087,MC1487199,L,0,100000,,,
MC7826838,MC7826838,MC8161087,L,0,100000,,,
MC1034593,MC1034593,MC7826838,L,0,100000,,,
MC1384864,MC1384864,MC1034593,L,0,100000,,,
MC2133718,MC2133718,MC1384864,L,0,100000,,,
MC3883276,MC3883276,MC2133718,L,0,100000,,,
MC7464692,MC7464692,MC3883276,L,0,100000,,,
MC4976614,MC4976614,MC7464692,L,0,100000,,,
MC1824360,MC1824360,MC4976614,L,0,100000,,,
MC4989797,MC4989797,MC1824360,L,0,100000,,,
MC7611137,MC7611137,MC4989797,L,0,100000,,,
MC9418931,MC9418931,MC7611137,L,0,100000,,,
MC7835091,MC7835091,MC9418931,L,0,100000,,,
MC8978951,MC8978951,MC7835091,L,0,100000,,,
MC8672700,MC8672700,MC8978951,L,0,100000,,,
MC3346791,MC3346791,MC8672700,L,0,100000,,,
MC4310380,MC4310380,MC3346791,L,0,100000,,,
MC2748260,MC2748260,MC4310380,L,0,100000,,,
MC7833792,MC7833792,MC2748260,L,0,100000,,,
MC8510566,MC8510566,MC7833792,L,0,100000,,,
MC1012033,MC1012033,MC8510566,L,0,100000,,,
MC6631557,MC6631557,MC1012033,L,0,100000,,,
MC3520664,MC3520664,MC6631557,L,0,100000,,,
MC1604760,MC1604760,MC3520664,L,0,100000,,,
MC4603673,MC4603673,MC1604760,L,0,100000,,,
MC4266939,MC4266939,MC4603673,L,0,100000,,,
MC6835974,MC6835974,MC4266939,L,0,100000,,,
MC8925591,MC8925591,MC6835974,L,0,100000,,,
MC2794024,MC2794024,MC8925591,L,0,100000,,,
MC9180879,MC9180879,MC2794024,L,0,100000,,,
MC9526850,MC9526850,MC9180879,L,0,100000,,,
MC2958606,MC2958606,MC9526850,L,0,100000,,,
MC8130656,MC8130656,MC2958606,L,0,100000,,,
MC2789865,MC2789865,MC8130656,L,0,100000,,,
MC3264964,MC3264964,MC2789865,L,0,100000,,,
MC8183790,MC8183790,MC3264964,L,0,100000,,,
MC6925596,MC6925596,MC8183790,L,0,100000,,,
MC3260511,MC3260511,MC6925596,L,0,100000,,,
MC7588909,MC7588909,MC3260511,L,0,100000,,,
MC9096657,MC9096657,MC7588909,L,0,100000,,,
MC6130915,MC6130915,MC9096657,L,0,100000,,,
MC6484938,MC6484938,MC6130915,L,0,100000,,,
MC5897370,MC5897370,MC6484938,L,0,100000,,,
MC3401239,MC3401239,MC5897370,L,0,100000,,,
MC7858152,MC7858152,MC3401239,L,0,100000,,,
MC4339994,MC4339994,MC7858152,L,0,100000,,,
MC6744103,MC6744103,MC4339994,L,0,100000,,,
MC5832207,MC5832207,MC6744103,L,0,100000,,,
MC6963542,MC6963542,MC5832207,L,0,100000,,,
MC7716627,MC7716627,MC6963542,L,0,100000,,,
MC3354516,MC3354516,MC7716627,L,0,100000,,,
MC4603366,MC4603366,MC3354516,L,0,100000,,,
MC2521351,MC2521351,MC4603366,L,0,100000,,,
MC3424641,MC3424641,MC2521351,L,0,100000,,,
MC2496956,MC2496956,MC3424641,L,0,100000,,,
MC3105038,MC3105038,MC2496956,L,0,100000,,,
MC7627558,MC7627558,MC3105038,L,0,100000,,,
MC2057663,MC2057663,MC7627558,L,0,100000,,,
MC9382403,MC9382403,MC2057663,L,0,100000,,,
MC3075416,MC3075416,MC9382403,L,0,100000,,,
MC1032078,MC1032078,MC3075416,L,0,100000,,,
MC1855539,MC1855539,MC1032078,L,0,100000,,,
MC5155021,MC5155021,MC1855539,L,0,100000,,,
MC5255875,MC5255875,MC5155021,L,0,100000,,,
MC3102128,MC3102128,MC5255875,L,0,100000,,,
MC9418194,MC9418194,MC3102128,L,0,100000,,,
MC6410446,MC6410446,MC9418194,L,0,100000,,,
MC2821873,MC2821873,MC6410446,L,0,100000,,,
MC7024643,MC7024643,MC2821873,L,0,100000,,,
MC2952939,MC2952939,MC7024643,L,0,100000,,,
MC6757619,MC6757619,MC2952939,L,0,100000,,,
MC6704393,MC6704393,MC6757619,L,0,100000,,,
MC3884909,MC3884909,MC6704393,L,0,100000,,,
MC2786834,MC2786834,MC3884909,L,0,100000,,,
MC3858306,MC3858306,MC2786834,L,0,100000,,,
MC7871441,MC7871441,MC3858306,L,0,100000,,,
MC4104266,MC4104266,MC7871441,L,0,100000,,,
MC2955132,MC2955132,MC4104266,L,0,100000,,,
MC5727399,MC5727399,MC2955132,L,0,100000,,,
MC8991706,MC8991706,MC5727399,L,0,100000,,,
MC8604195,MC8604195,MC8991706,L,0,100000,,,
MC1266589,MC1266589,MC8604195,L,0,100000,,,
MC6620225,MC6620225,MC1266589,L,0,100000,,,
MC3328240,MC3328240,MC6620225,L,0,100000,,,
MC1648551,MC1648551,MC3328240,L,0,100000,,,
MC7671201,MC7671201,MC1648551,L,0,100000,,,
MC4802706,MC4802706,MC7671201,L,0,100000,,,
MC8130227,MC8130227,MC4802706,L,0,100000,,,
MC9862274,MC9862274,MC8130227,L,0,100000,,,
MC9971461,MC9971461,MC9862274,L,0,100000,,,
MC8813907,MC8813907,MC9971461,L,0,100000,,,
MC5518930,MC5518930,MC8813907,L,0,100000,,,
MC1847906,MC1847906,MC5518930,L,0,100000,,,
MC6952391,MC6952391,MC1847906,L,0,100000,,,
MC2091969,MC2091969,MC6952391,L,0,100000,,,
MC18143971,MC18143971,MC2091969,L,0,100000,,,
MC7751187,MC7751187,MC18143971,L,0,100000,,,
MC3030700,MC3030700,MC7751187,L,0,100000,,,
MC8066896,MC8066896,MC3030700,L,0,100000,,,
MC4970898,MC4970898,MC8066896,L,0,100000,,,
MC7407587,MC7407587,MC4970898,L,0,100000,,,
MC9372962,MC9372962,MC7407587,L,0,100000,,,
MC7058861,MC7058861,MC9372962,L,0,100000,,,
MC3819121,MC3819121,MC7058861,L,0,100000,,,
MC3693203,MC3693203,MC3819121,L,0,100000,,,
MC9626167,MC9626167,MC3693203,L,0,100000,,,
MC95000098,MC95000098,MC9626167,L,0,100000,,,
MC8147576,MC8147576,MC95000098,L,0,100000,,,
MC9248092,MC9248092,MC8147576,L,0,100000,,,
MC6761653,MC6761653,MC9248092,L,0,100000,,,
MC9128782,MC9128782,MC6761653,L,0,100000,,,
MC4313076,MC4313076,MC9128782,L,0,100000,,,
MC5727477,MC5727477,MC4313076,L,0,100000,,,
MC6319537,MC6319537,MC5727477,L,0,100000,,,
MC8170260,MC8170260,MC6319537,L,0,100000,,,
MC3976701,MC3976701,MC8170260,L,NULL,NULL,,,
MC2081636,MC2081636,MC8954564,L,0,205465,,,
MC3438321,MC3438321,MC5200729,R,508555,0,,,
MC6301970,MC6301970,MC2081636,L,3125,202340,,,
MC8548529,MC8548529,MC3438321,R,508530,0,,,
MC9014956,MC9014956,MC8548529,R,500000,8505,,,
MC5220080,MC5220080,MC9014956,R,500000,0,,,
MC2946258,MC2946258,MC9014956,L,1875,6580,,,
MC9197947,MC9197947,MC5220080,R,500000,0,,,
MC3103937,MC3103937,MC3609920,L,0,3243080,,,
MC4893100,MC4893100,MC9197947,R,500000,0,,,
MC9625179,MC9625179,MC3565289,R,NULL,NULL,,,
MC1722943,MC1722943,MC9625179,R,NULL,NULL,,,
MC4151887,MC4151887,MC1722943,R,NULL,NULL,,,
MC7295609,MC7295609,MC4151887,R,NULL,NULL,,,
MC6442003,MC6442003,MC1722943,L,NULL,NULL,,,
MC3456465,MC3456465,MC7295609,R,NULL,NULL,,,
MC1129217,MC1129217,MC3456465,R,NULL,NULL,,,
MC2962656,MC2962656,MC1129217,R,NULL,NULL,,,
MC6545067,MC6545067,MC6442003,L,NULL,NULL,,,
MC9207770,MC9207770,MC4893100,R,500000,0,,,
MC9278472,MC9278472,MC9207770,R,500000,0,,,
MC2566026,MC2566026,MC9207770,L,NULL,NULL,,,
MC8170252,MC8170252,MC6545067,L,NULL,NULL,,,
MC4563862,MC4563862,MC8170252,L,NULL,NULL,,,
MC5171016,MC5171016,MC4563862,L,NULL,NULL,,,
MC4819807,MC4819807,MC5171016,L,NULL,NULL,,,
MC4425071,MC4425071,MC9278472,R,500000,0,,,
MC7569081,MC7569081,MC4425071,R,500000,0,,,
MC8898793,MC8898793,MC7569081,R,500000,0,,,
MC3393873,MC3393873,MC2962656,R,NULL,NULL,,,
MC7718768,MC7718768,MC3393873,R,NULL,NULL,,,
MC2891813,MC2891813,MC7718768,R,NULL,NULL,,,
MC2481377,MC2481377,MC2891813,R,NULL,NULL,,,
MC2141104,MC2141104,MC2481377,R,NULL,NULL,,,
MC3095033,MC3095033,MC2141104,R,NULL,NULL,,,
MC5539701,MC5539701,MC9625179,L,NULL,NULL,,,
MC1775146,MC1775146,MC4819807,L,NULL,NULL,,,
MC2317346,MC2317346,MC3095033,R,NULL,NULL,,,
MC9177201,MC9177201,MC2317346,R,NULL,NULL,,,
MC8418755,MC8418755,MC1129217,L,NULL,NULL,,,
MC7607344,MC7607344,MC8898793,R,500000,0,,,
MC6669513,MC6669513,MC2141104,L,NULL,NULL,,,
MC7331470,MC7331470,MC6669513,L,NULL,NULL,,,
MC3915690,MC3915690,MC7331470,L,NULL,NULL,,,
MC8037360,MC8037360,MC6301970,L,0,202340,,,
MC4802658,MC4802658,MC8418755,L,NULL,NULL,,,
MC6157697,MC6157697,MC4802658,L,NULL,NULL,,,
MC4955784,MC4955784,MC6157697,L,NULL,NULL,,,
MC3417527,MC3417527,MC6157697,R,NULL,NULL,,,
MC7185368,MC7185368,MC4955784,L,NULL,NULL,,,
MC5307072,MC5307072,MC4955784,R,NULL,NULL,,,
MC6766506,MC6766506,MC5307072,R,NULL,NULL,,,
MC4509534,MC4509534,MC9177201,R,NULL,NULL,,,
MC3651240,MC3651240,MC4509534,R,NULL,NULL,,,
MC4526297,MC4526297,MC3651240,R,NULL,NULL,,,
MC2882966,MC2882966,MC6766506,L,NULL,NULL,,,
MC7170210,MC7170210,MC6766506,R,NULL,NULL,,,
MC1087615,MC1087615,MC7607344,R,500000,0,,,
MC2147094,MC2147094,MC2946258,L,0,6580,,,
MC5521351,MC5521351,MC2147094,L,400,6130,,,
MC8540324,MC8540324,MC2566026,L,NULL,NULL,,,
MC8436589,MC8436589,MC5521351,L,0,6105,,,
MC2340364,MC2340364,MC8436589,L,0,6105,,,
MC2609577,MC2609577,MC4526297,R,NULL,NULL,,,
MC8916246,MC8916246,MC2609577,R,NULL,NULL,,,
MC9193255,MC9193255,MC8916246,R,NULL,NULL,,,
MC7565603,MC7565603,MC9193255,R,NULL,NULL,,,
MC4003156,MC4003156,MC8436589,R,NULL,NULL,,,
MC8098824,MC8098824,MC7185368,L,NULL,NULL,,,
MC8901646,MC8901646,MC8098824,L,NULL,NULL,,,
MC5984471,MC5984471,MC4003156,R,NULL,NULL,,,
MC5164707,MC5164707,MC3651240,L,NULL,NULL,,,
MC7716373,MC7716373,MC8901646,R,NULL,NULL,,,
MC8183112,MC8183112,MC8901646,L,NULL,NULL,,,
MC9737469,MC9737469,MC8183112,L,NULL,NULL,,,
MC4822452,MC4822452,MC9737469,L,NULL,NULL,,,
MC8660332,MC8660332,MC2891813,L,NULL,NULL,,,
MC6755591,MC6755591,MC2340364,L,890,5165,,,
MC6359267,MC6359267,MC7565603,R,NULL,NULL,,,
MC3749709,MC3749709,MC8540324,L,NULL,NULL,,,
MC2506050,MC2506050,MC3915690,L,NULL,NULL,,,
MC2691094,MC2691094,MC4822452,L,NULL,NULL,,,
MC4456573,MC4456573,MC3417527,L,NULL,NULL,,,
MC7267413,MC7267413,MC3417527,R,NULL,NULL,,,
MC2421389,MC2421389,MC4456573,L,NULL,NULL,,,
MC3972749,MC3972749,MC7267413,R,NULL,NULL,,,
MC2889762,MC2889762,MC3972749,R,NULL,NULL,,,
MC2231758,MC2231758,MC3103937,L,0,3243080,,,
MC9492733,MC9492733,MC2231758,L,0,3243080,,,
MC8869573,MC8869573,MC9492733,L,1243080,2000000,,,
MC6455517,MC6455517,MC8869573,L,0,2000000,,,
MC2174864,MC2174864,MC6455517,L,0,2000000,,,
MC1572954,MC1572954,MC2174864,L,0,2000000,,,
MC2854529,MC2854529,MC1572954,L,0,2000000,,,
MC1448779,MC1448779,MC2854529,L,0,2000000,,,
MC8748121,MC8748121,MC1448779,L,0,2000000,,,
MC3304212,MC3304212,MC8748121,L,0,2000000,,,
MC4586035,MC4586035,MC3304212,L,NULL,NULL,,,
MC8510181,MC8510181,MC1087615,R,500000,0,,,
MC3934461,MC3934461,MC5220080,L,NULL,NULL,,,
MC8525387,MC8525387,MC6359267,R,NULL,NULL,,,
MC5882516,MC5882516,MC2481377,L,NULL,NULL,,,
MC8164013,MC8164013,MC3934461,L,NULL,NULL,,,
MC4243123,MC4243123,MC8548529,L,NULL,NULL,,,
MC9471052,MC9471052,MC6755591,L,4020,1120,,,
MC3145394,MC3145394,MC4243123,L,NULL,NULL,,,
MC7460680,MC7460680,MC9471052,L,0,1120,,,
MC2187120,MC2187120,MC4003156,L,NULL,NULL,,,
MC7076453,MC7076453,MC9471052,R,0,3995,,,
MC9267266,MC9267266,MC7460680,L,25,1070,,,
MC5773288,MC5773288,MC9267266,L,0,1070,,,
MC2669586,MC2669586,MC8510181,R,500000,0,,,
MC5374719,MC5374719,MC2669586,R,500000,0,,,
MC5037244,MC5037244,MC2669586,L,NULL,NULL,,,
MC8708777,MC8708777,MC7076453,L,0,3970,,,
MC4850841,MC4850841,MC3145394,L,NULL,NULL,,,
MC8388695,MC8388695,MC8708777,L,0,3970,,,
MC9299040,MC9299040,MC8388695,L,0,3970,,,
MC5832092,MC5832092,MC5773288,L,700,345,,,
MC9679438,MC9679438,MC5374719,R,500000,0,,,
MC2769880,MC2769880,MC8164013,L,NULL,NULL,,,
MC3718574,MC3718574,MC8388695,R,NULL,NULL,,,
MC2789870,MC2789870,MC5539701,L,NULL,NULL,,,
MC8831081,MC8831081,MC5539701,R,NULL,NULL,,,
MC1867047,MC1867047,MC2789870,L,NULL,NULL,,,
MC5608709,MC5608709,MC1867047,L,NULL,NULL,,,
MC6925446,MC6925446,MC5608709,L,NULL,NULL,,,
MC1365977,MC1365977,MC6925446,L,NULL,NULL,,,
MC1346335,MC1346335,MC9299040,L,0,3970,,,
MC3845969,MC3845969,MC1365977,L,NULL,NULL,,,
MC9932864,MC9932864,MC1346335,L,0,3970,,,
MC8790752,MC8790752,MC9932864,L,0,3970,,,
MC2736085,MC2736085,MC9932864,R,NULL,NULL,,,
MC1844321,MC1844321,MC7076453,R,NULL,NULL,,,
MC51640585,MC51640585,MC8525387,R,NULL,NULL,,,
MC4494776,MC4494776,MC51640585,R,NULL,NULL,,,
MC5594367,MC5594367,MC2889762,R,NULL,NULL,,,
MC5257089,MC5257089,MC2421389,L,NULL,NULL,,,
MC5267213,MC5267213,MC4494776,R,NULL,NULL,,,
MC78747285,MC78747285,MC5594367,R,NULL,NULL,,,
MC1490207,MC1490207,MC2506050,L,NULL,NULL,,,
MC1358600,MC1358600,MC9679438,R,500000,0,,,
MC1930709,MC1930709,MC1358600,L,NULL,NULL,,,
MC2004418,MC2004418,MC1358600,R,500000,0,,,
MC8283790,MC8283790,MC1930709,L,NULL,NULL,,,
MC2126318,MC2126318,MC2769880,L,NULL,NULL,,,
MC9236945,MC9236945,MC9267266,R,25,0,,,
MC3255557,MC3255557,MC2004418,R,500000,0,,,
MC2778449,MC2778449,MC5267213,R,NULL,NULL,,,
MC7952116,MC7952116,MC8525387,L,NULL,NULL,,,
MC7434048,MC7434048,MC7952116,L,NULL,NULL,,,
MC5523911,MC5523911,MC7434048,L,NULL,NULL,,,
MC7430797,MC7430797,MC5523911,L,NULL,NULL,,,
MC6230385,MC6230385,MC7430797,L,NULL,NULL,,,
MC7800073,MC7800073,MC6230385,L,NULL,NULL,,,
MC5110585,MC5110585,MC7800073,L,NULL,NULL,,,
MC2589577,MC2589577,MC5110585,L,NULL,NULL,,,
MC1165261,MC1165261,MC8790752,L,3075,870,,,
MC4136605,MC4136605,MC2589577,L,NULL,NULL,,,
MC9262980,MC9262980,MC1165261,L,0,870,,,
MC6774231,MC6774231,MC1165261,R,3075,0,,,
MC8970589,MC8970589,MC4136605,L,NULL,NULL,,,
MC2778564,MC2778564,MC8970589,L,NULL,NULL,,,
MC9354652,MC9354652,MC2778564,L,NULL,NULL,,,
MC4359882,MC4359882,MC9354652,L,NULL,NULL,,,
MC3290376,MC3290376,MC4359882,L,NULL,NULL,,,
MC9545622,MC9545622,MC3290376,L,NULL,NULL,,,
MC2602176,MC2602176,MC9545622,L,NULL,NULL,,,
MC7818423,MC7818423,MC2602176,L,NULL,NULL,,,
MC4672026,MC4672026,MC7818423,L,NULL,NULL,,,
MC5501160,MC5501160,MC4672026,L,NULL,NULL,,,
MC1587091,MC1587091,MC5501160,R,NULL,NULL,,,
MC6336004,MC6336004,MC5257089,L,NULL,NULL,,,
MC4929782,MC4929782,MC5164707,L,NULL,NULL,,,
MC3652135,MC3652135,MC2778449,R,NULL,NULL,,,
MC8364885,MC8364885,MC2609577,L,NULL,NULL,,,
MC5591665,MC5591665,MC6755591,R,865,0,,,
MC1364788,MC1364788,MC5832092,L,0,320,,,
MC8232151,MC8232151,MC5591665,R,840,0,,,
MC1915335,MC1915335,MC8232151,R,815,0,,,
MC7929564,MC7929564,MC1364788,L,0,320,,,
MC4980098,MC4980098,MC1915335,R,790,0,,,
MC3912726,MC3912726,MC9262980,L,0,870,,,
MC7308186,MC7308186,MC8708777,R,NULL,NULL,,,
MC4993037,MC4993037,MC7929564,L,0,320,,,
MC2003324,MC2003324,MC4993037,L,0,320,,,
MC9590505,MC9590505,MC4993037,R,NULL,NULL,,,
MC2397383,MC2397383,MC2317346,L,NULL,NULL,,,
MC2183121,MC2183121,MC2397383,L,NULL,NULL,,,
MC17500771,MC17500771,MC8364885,L,NULL,NULL,,,
MC3331331,MC3331331,MC5832092,R,675,0,,,
MC3297061,MC3297061,MC3331331,R,300,275,,,
MC9850701,MC9850701,MC3297061,R,300,0,,,
MC5217793,MC5217793,MC6336004,L,NULL,NULL,,,
MC5510168,MC5510168,MC2003324,L,0,320,,,
MC9145584,MC9145584,MC1844321,R,NULL,NULL,,,
MC6999772,MC6999772,MC9145584,R,NULL,NULL,,,
MC9260660,MC9260660,MC9145584,L,NULL,NULL,,,
MC5578287,MC5578287,MC9850701,R,300,0,,,
MC8884340,MC8884340,MC3255557,R,500000,0,,,
MC6340656,MC6340656,MC6999772,R,NULL,NULL,,,
MC9521338,MC9521338,MC8869573,R,1243080,0,,,
MC7100536,MC7100536,MC9521338,R,1243080,0,,,
MC1506070,MC1506070,MC7100536,R,1243080,0,,,
MC9309666,MC9309666,MC1506070,R,1243080,0,,,
MC4018541,MC4018541,MC9309666,R,1243080,0,,,
MC8725339,MC8725339,MC4018541,R,1243080,0,,,
MC2403268,MC2403268,MC8725339,R,1243080,0,,,
MC4701894,MC4701894,MC2403268,R,1243080,0,,,
MC6675987,MC6675987,MC4701894,R,1243080,0,,,
MC8946839,MC8946839,MC6675987,R,1243080,0,,,
MC8751084,MC8751084,MC8946839,R,1243080,0,,,
MC2132409,MC2132409,MC8751084,R,1243080,0,,,
MC4653739,MC4653739,MC2132409,R,1243080,0,,,
MC2027641,MC2027641,MC4653739,R,1243080,0,,,
MC5053503,MC5053503,MC2027641,R,1243080,0,,,
MC3930477,MC3930477,MC5053503,R,1243080,0,,,
MC8414465,MC8414465,MC8884340,R,500000,0,,,
MC6580252,MC6580252,MC4586035,L,NULL,NULL,,,
MC7565994,MC7565994,MC3930477,R,1040250,202830,,,
MC8404455,MC8404455,MC7565994,R,1000000,40250,,,
MC3618724,MC3618724,MC8404455,L,0,40250,,,
MC5443717,MC5443717,MC8404455,R,1000000,0,,,
MC2152453,MC2152453,MC3618724,L,0,40250,,,
MC6800820,MC6800820,MC5443717,R,1000000,0,,,
MC7180313,MC7180313,MC6800820,R,1000000,0,,,
MC2940956,MC2940956,MC2152453,L,0,40250,,,
MC2766731,MC2766731,MC7180313,R,1000000,0,,,
MC2452947,MC2452947,MC2766731,R,1000000,0,,,
MC5094851,MC5094851,MC2940956,L,0,40250,,,
MC7865138,MC7865138,MC5094851,L,0,40250,,,
MC9295070,MC9295070,MC7865138,R,NULL,NULL,,,
MC9843838,MC9843838,MC7865138,L,0,40250,,,
MC1337267,MC1337267,MC9843838,L,0,40250,,,
MC3356238,MC3356238,MC1337267,L,0,40250,,,
MC3947812,MC3947812,MC3356238,L,0,40250,,,
MC5598945,MC5598945,MC3947812,L,0,40250,,,
MC3530449,MC3530449,MC5598945,L,0,40250,,,
MC7624268,MC7624268,MC3530449,L,0,40250,,,
MC9436879,MC9436879,MC7624268,L,0,40250,,,
MC6395158,MC6395158,MC9436879,L,0,40250,,,
MC4218844,MC4218844,MC2940956,R,NULL,NULL,,,
MC7266005,MC7266005,MC6395158,L,0,40250,,,
MC9944900,MC9944900,MC4218844,R,NULL,NULL,,,
MC9639764,MC9639764,MC7266005,L,0,40250,,,
MC2573018,MC2573018,MC9944900,R,NULL,NULL,,,
MC1379771,MC1379771,MC9639764,L,0,40250,,,
MC8889888,MC8889888,MC1379771,L,0,40250,,,
MC1148758,MC1148758,MC3652135,R,NULL,NULL,,,
MC6727270,MC6727270,MC8889888,L,0,40250,,,
MC20804468,MC20804468,MC1148758,R,NULL,NULL,,,
MC5375376,MC5375376,MC2691094,L,NULL,NULL,,,
MC1671828,MC1671828,MC2573018,R,NULL,NULL,,,
MC9566174,MC9566174,MC6727270,L,0,40250,,,
MC2392804,MC2392804,MC9566174,L,0,40250,,,
MC5156720,MC5156720,MC2392804,L,0,40250,,,
MC1534546,MC1534546,MC5156720,L,0,40250,,,
MC1727843,MC1727843,MC1534546,L,0,40250,,,
MC2778130,MC2778130,MC1727843,L,0,40250,,,
MC6160271,MC6160271,MC2778130,L,0,40250,,,
MC9894269,MC9894269,MC5882516,L,NULL,NULL,,,
MC8793822,MC8793822,MC9894269,L,NULL,NULL,,,
MC1382081,MC1382081,MC6160271,L,50,40200,,,
MC31283238,MC31283238,MC1382081,L,0,40200,,,
MC2584855,MC2584855,MC2152453,R,NULL,NULL,,,
MC4576484,MC4576484,MC2584855,R,NULL,NULL,,,
MC8034729,MC8034729,MC31283238,L,0,40200,,,
MC6356556,MC6356556,MC8034729,L,0,40200,,,
MC7228696,MC7228696,MC20804468,R,NULL,NULL,,,
MC6559465,MC6559465,MC7228696,R,NULL,NULL,,,
MC6069457,MC6069457,MC9295070,R,NULL,NULL,,,
MC7859827,MC7859827,MC6356556,L,0,40200,,,
MC6571931,MC6571931,MC7859827,L,0,40200,,,
MC9662986,MC9662986,MC1671828,R,NULL,NULL,,,
MC5997573,MC5997573,MC6571931,L,0,40200,,,
MC7975520,MC7975520,MC5997573,L,0,40200,,,
MC1718882,MC1718882,MC7975520,L,0,40200,,,
MC2478172,MC2478172,MC6356556,R,NULL,NULL,,,
MC4833031,MC4833031,MC1718882,L,0,40200,,,
MC2872569,MC2872569,MC9662986,R,NULL,NULL,,,
MC6528969,MC6528969,MC4833031,L,0,40200,,,
MC4387649,MC4387649,MC2478172,R,NULL,NULL,,,
MC4717731,MC4717731,MC4387649,R,NULL,NULL,,,
MC7342431,MC7342431,MC4717731,R,NULL,NULL,,,
MC4289774,MC4289774,MC7342431,R,NULL,NULL,,,
MC3680393,MC3680393,MC4289774,R,NULL,NULL,,,
MC4749323,MC4749323,MC3912726,L,0,870,,,
MC6531592,MC6531592,MC4749323,L,0,870,,,
MC9544437,MC9544437,MC4749323,R,NULL,NULL,,,
MC3515919,MC3515919,MC8414465,R,500000,0,,,
MC4046090,MC4046090,MC1382081,R,50,0,,,
MC4302570,MC4302570,MC3680393,R,NULL,NULL,,,
MC9595842,MC9595842,MC4046090,R,50,0,,,
MC2426974,MC2426974,MC8793822,L,NULL,NULL,,,
MC8159429,MC8159429,MC2426974,L,NULL,NULL,,,
MC1498002,MC1498002,MC3515919,R,500000,0,,,
MC3885143,MC3885143,MC9595842,R,50,0,,,
MC7433713,MC7433713,MC6528969,L,0,40200,,,
MC1702912,MC1702912,MC6359267,L,NULL,NULL,,,
MC5015910,MC5015910,MC1702912,L,NULL,NULL,,,
MC1159069,MC1159069,MC7433713,L,0,40200,,,
MC5991313,MC5991313,MC17500771,L,NULL,NULL,,,
MC7383501,MC7383501,MC4046090,L,NULL,NULL,,,
MC5903723,MC5903723,MC7383501,L,NULL,NULL,,,
MC9145161,MC9145161,MC2872569,R,NULL,NULL,,,
MC8951922,MC8951922,MC5903723,L,NULL,NULL,,,
MC1683203,MC1683203,MC8951922,L,NULL,NULL,,,
MC2177687,MC2177687,MC8037360,L,0,202315,,,
MC2229480,MC2229480,MC2081636,R,NULL,NULL,,,
MC7698739,MC7698739,MC4302570,R,NULL,NULL,,,
MC8842492,MC8842492,MC7698739,R,NULL,NULL,,,
MC7411733,MC7411733,MC8842492,R,NULL,NULL,,,
MC7415099,MC7415099,MC4302570,L,NULL,NULL,,,
MC3425200,MC3425200,MC9595842,L,NULL,NULL,,,
MC2683126,MC2683126,MC1159069,L,0,40200,,,
MC3003222,MC3003222,MC2683126,L,0,40200,,,
MC7428969,MC7428969,MC5598945,R,NULL,NULL,,,
MC3161321,MC3161321,MC7428969,R,NULL,NULL,,,
MC2986509,MC2986509,MC2177687,L,500,201765,,,
MC5133392,MC5133392,MC3003222,L,0,40200,,,
MC9182732,MC9182732,MC2986509,L,0,201765,,,
MC2154232,MC2154232,MC9182732,L,150,201465,,,
MC9128811,MC9128811,MC5133392,L,0,40200,,,
MC5779855,MC5779855,MC3618724,R,NULL,NULL,,,
MC4211447,MC4211447,MC6531592,L,0,870,,,
MC7401647,MC7401647,MC5217793,L,NULL,NULL,,,
MC5587442,MC5587442,MC9260660,L,NULL,NULL,,,
MC9751481,MC9751481,MC5587442,L,NULL,NULL,,,
MC4598988,MC4598988,MC5587442,R,NULL,NULL,,,
MC1585567,MC1585567,MC9128811,L,200,40000,,,
MC7545381,MC7545381,MC1585567,R,200,0,,,
MC9232448,MC9232448,MC1585567,L,0,40000,,,
MC9465604,MC9465604,MC6340656,R,NULL,NULL,,,
MC1909179,MC1909179,MC9465604,L,NULL,NULL,,,
MC9850260,MC9850260,MC9465604,R,NULL,NULL,,,
MC9375085,MC9375085,MC2154232,L,0,201415,,,
MC7785148,MC7785148,MC7545381,R,0,200,,,
MC7331162,MC7331162,MC7785148,L,0,200,,,
MC1291738,MC1291738,MC7331162,L,50,100,,,
MC6147095,MC6147095,MC9232448,L,0,40000,,,
MC4381588,MC4381588,MC1291738,L,0,50,,,
MC4832253,MC4832253,MC4381588,R,NULL,NULL,,,
MC4073916,MC4073916,MC1291738,R,NULL,NULL,,,
MC4777120,MC4777120,MC6147095,L,0,40000,,,
MC8318975,MC8318975,MC4777120,L,0,40000,,,
MC3016251,MC3016251,MC8318975,L,0,40000,,,
MC7381017,MC7381017,MC4073916,R,NULL,NULL,,,
MC2931213,MC2931213,MC7381017,R,NULL,NULL,,,
MC5020104,MC5020104,MC2931213,R,NULL,NULL,,,
MC2250583,MC2250583,MC5020104,R,NULL,NULL,,,
MC9420875,MC9420875,MC2931213,L,NULL,NULL,,,
MC2175929,MC2175929,MC2250583,R,NULL,NULL,,,
MC2224911,MC2224911,MC4381588,L,0,50,,,
MC6742046,MC6742046,MC3016251,L,0,40000,,,
MC1625570,MC1625570,MC2224911,L,0,50,,,
MC2927410,MC2927410,MC7785148,R,NULL,NULL,,,
MC7932470,MC7932470,MC1625570,L,0,50,,,
MC8495685,MC8495685,MC6742046,L,0,40000,,,
MC3263279,MC3263279,MC2927410,R,NULL,NULL,,,
MC3774796,MC3774796,MC7932470,L,NULL,NULL,,,
MC9501617,MC9501617,MC3263279,R,NULL,NULL,,,
MC1767002,MC1767002,MC2175929,R,NULL,NULL,,,
MC9581388,MC9581388,MC9501617,R,NULL,NULL,,,
MC7299820,MC7299820,MC9581388,R,NULL,NULL,,,
MC5155455,MC5155455,MC1498002,R,500000,0,,,
MC1886294,MC1886294,MC9850260,R,NULL,NULL,,,
MC8530518,MC8530518,MC3774796,L,NULL,NULL,,,
MC4995601,MC4995601,MC8530518,L,NULL,NULL,,,
MC5530201,MC5530201,MC4995601,L,NULL,NULL,,,
MC2517835,MC2517835,MC7299820,R,NULL,NULL,,,
MC8549600,MC8549600,MC4832253,R,NULL,NULL,,,
MC7579138,MC7579138,MC8495685,L,0,40000,,,
MC6506627,MC6506627,MC2517835,R,NULL,NULL,,,
MC7842281,MC7842281,MC3774796,R,NULL,NULL,,,
MC7549510,MC7549510,MC7842281,L,NULL,NULL,,,
MC5297774,MC5297774,MC7549510,L,NULL,NULL,,,
MC2451607,MC2451607,MC7842281,R,NULL,NULL,,,
MC4073820,MC4073820,MC2451607,R,NULL,NULL,,,
MC9166787,MC9166787,MC5530201,L,NULL,NULL,,,
MC3834676,MC3834676,MC4073820,L,NULL,NULL,,,
MC3023323,MC3023323,MC8549600,R,NULL,NULL,,,
MC2222590,MC2222590,MC4073916,L,NULL,NULL,,,
MC8433798,MC8433798,MC6506627,R,NULL,NULL,,,
MC7855296,MC7855296,MC1767002,R,NULL,NULL,,,
MC9464018,MC9464018,MC3023323,L,NULL,NULL,,,
MC8673752,MC8673752,MC9464018,L,NULL,NULL,,,
MC2397960,MC2397960,MC3023323,R,NULL,NULL,,,
MC9965255,MC9965255,MC8673752,L,NULL,NULL,,,
MC3032263,MC3032263,MC8433798,R,NULL,NULL,,,
MC3482516,MC3482516,MC7855296,R,NULL,NULL,,,
MC2567286,MC2567286,MC3032263,R,NULL,NULL,,,
MC2369374,MC2369374,MC7579138,L,0,40000,,,
MC3079663,MC3079663,MC2567286,R,NULL,NULL,,,
MC1263120,MC1263120,MC2369374,L,0,40000,,,
MC9786206,MC9786206,MC3079663,R,NULL,NULL,,,
MC1242036,MC1242036,MC9786206,R,NULL,NULL,,,
MC2658910,MC2658910,MC1242036,R,NULL,NULL,,,
MC2812303,MC2812303,MC7299820,L,NULL,NULL,,,
MC9854832,MC9854832,MC1263120,L,0,40000,,,
MC4294950,MC4294950,MC2658910,R,NULL,NULL,,,
MC1283277,MC1283277,MC9581388,L,NULL,NULL,,,
MC5405553,MC5405553,MC9854832,L,0,40000,,,
MC5559714,MC5559714,MC4294950,R,NULL,NULL,,,
MC7673033,MC7673033,MC5559714,R,NULL,NULL,,,
MC3653626,MC3653626,MC4576484,L,NULL,NULL,,,
MC1013275,MC1013275,MC1283277,L,NULL,NULL,,,
MC8911253,MC8911253,MC1013275,L,NULL,NULL,,,
MC22618845,MC22618845,MC7673033,R,NULL,NULL,,,
MC3255661,MC3255661,MC3653626,L,NULL,NULL,,,
MC5746166,MC5746166,MC4576484,R,NULL,NULL,,,
MC9911911,MC9911911,MC5746166,R,NULL,NULL,,,
MC7520358,MC7520358,MC9911911,R,NULL,NULL,,,
MC7489016,MC7489016,MC3255661,L,NULL,NULL,,,
MC6680922,MC6680922,MC7489016,L,NULL,NULL,,,
MC9795042,MC9795042,MC7520358,R,NULL,NULL,,,
MC7966630,MC7966630,MC3653626,R,NULL,NULL,,,
MC5530140,MC5530140,MC1283277,R,NULL,NULL,,,
MC3310401,MC3310401,MC6680922,L,NULL,NULL,,,
MC4963135,MC4963135,MC7401647,L,NULL,NULL,,,
MC3509025,MC3509025,MC2584855,L,NULL,NULL,,,
MC3570792,MC3570792,MC7489016,R,NULL,NULL,,,
MC2392346,MC2392346,MC9795042,R,NULL,NULL,,,
MC1426752,MC1426752,MC3509025,L,NULL,NULL,,,
MC2466300,MC2466300,MC7520358,L,NULL,NULL,,,
MC1776696,MC1776696,MC4073820,R,NULL,NULL,,,
MC6546257,MC6546257,MC1776696,R,NULL,NULL,,,
MC7456490,MC7456490,MC7565994,L,2290,200540,,,
MC1817840,MC1817840,MC7456490,L,0,200540,,,
MC8374449,MC8374449,MC1817840,L,540,200000,,,
MC7137510,MC7137510,MC8374449,L,0,200000,,,
MC2249547,MC2249547,MC7137510,L,0,200000,,,
MC8358818,MC8358818,MC2249547,L,0,200000,,,
MC7632741,MC7632741,MC8358818,L,0,200000,,,
MC6648725,MC6648725,MC7632741,L,0,200000,,,
MC6081835,MC6081835,MC6648725,L,0,200000,,,
MC6167563,MC6167563,MC6081835,L,0,200000,,,
MC5699366,MC5699366,MC6167563,L,0,200000,,,
MC6843718,MC6843718,MC5699366,L,0,200000,,,
MC9037667,MC9037667,MC6843718,L,0,200000,,,
MC1152131,MC1152131,MC9037667,L,0,200000,,,
MC8346478,MC8346478,MC1152131,L,0,200000,,,
MC2056416,MC2056416,MC8346478,L,0,200000,,,
MC3467200,MC3467200,MC5405553,L,0,40000,,,
MC2698014,MC2698014,MC3467200,L,0,40000,,,
MC6301397,MC6301397,MC2698014,L,0,40000,,,
MC1765375,MC1765375,MC6301397,L,0,40000,,,
MC6308816,MC6308816,MC2698014,R,NULL,NULL,,,
MC9813510,MC9813510,MC3482516,R,NULL,NULL,,,
MC1087921,MC1087921,MC2056416,L,0,200000,,,
MC1840705,MC1840705,MC1087921,L,0,200000,,,
MC3128555,MC3128555,MC1840705,L,0,200000,,,
MC1660202,MC1660202,MC3128555,L,0,200000,,,
MC7603661,MC7603661,MC1660202,L,0,200000,,,
MC1793564,MC1793564,MC7603661,L,0,200000,,,
MC9805415,MC9805415,MC2452947,R,1000000,0,,,
MC3779872,MC3779872,MC5155455,R,500000,0,,,
MC3297580,MC3297580,MC3779872,R,500000,0,,,
MC3649951,MC3649951,MC3297580,R,500000,0,,,
MC5365703,MC5365703,MC3649951,R,500000,0,,,
MC9384690,MC9384690,MC5365703,R,500000,0,,,
MC3213573,MC3213573,MC9384690,R,500000,0,,,
MC7172748,MC7172748,MC3213573,R,500000,0,,,
MC6662444,MC6662444,MC7172748,R,500000,0,,,
MC9098468,MC9098468,MC6662444,R,500000,0,,,
MC1542183,MC1542183,MC9098468,R,500000,0,,,
MC2646453,MC2646453,MC1542183,R,500000,0,,,
MC1136976,MC1136976,MC2646453,R,500000,0,,,
MC5695769,MC5695769,MC1765375,L,0,40000,,,
MC3069205,MC3069205,MC5695769,L,0,40000,,,
MC2661298,MC2661298,MC3069205,L,0,40000,,,
MC9273431,MC9273431,MC2661298,L,0,40000,,,
MC4931935,MC4931935,MC9273431,L,0,40000,,,
MC8757980,MC8757980,MC4931935,L,0,40000,,,
MC4369480,MC4369480,MC8757980,L,0,40000,,,
MC4374670,MC4374670,MC4369480,L,0,40000,,,
MC3434002,MC3434002,MC4374670,L,0,40000,,,
MC6490679,MC6490679,MC3434002,L,0,40000,,,
MC1383879,MC1383879,MC6490679,L,0,40000,,,
MC6270302,MC6270302,MC1383879,L,0,40000,,,
MC8699521,MC8699521,MC6270302,L,0,40000,,,
MC1635246,MC1635246,MC8699521,L,0,40000,,,
MC7252959,MC7252959,MC1635246,L,0,40000,,,
MC6993395,MC6993395,MC7252959,L,0,40000,,,
MC8318100,MC8318100,MC6993395,L,0,40000,,,
MC3645498,MC3645498,MC8318100,L,0,40000,,,
MC9601665,MC9601665,MC3645498,L,0,40000,,,
MC3972080,MC3972080,MC9601665,L,0,40000,,,
MC1437967,MC1437967,MC3972080,L,0,40000,,,
MC6086623,MC6086623,MC1437967,L,0,40000,,,
MC4388407,MC4388407,MC6086623,L,0,40000,,,
MC6329514,MC6329514,MC4388407,L,0,40000,,,
MC6822985,MC6822985,MC9805415,R,1000000,0,,,
MC2505020,MC2505020,MC6822985,R,1000000,0,,,
MC3572090,MC3572090,MC2505020,R,1000000,0,,,
MC9829658,MC9829658,MC3572090,R,1000000,0,,,
MC1938245,MC1938245,MC9829658,R,1000000,0,,,
MC1299919,MC1299919,MC1938245,R,1000000,0,,,
MC3876228,MC3876228,MC1299919,R,1000000,0,,,
MC3875393,MC3875393,MC3876228,R,1000000,0,,,
MC7063682,MC7063682,MC3875393,R,1000000,0,,,
MC9837181,MC9837181,MC7063682,R,1000000,0,,,
MC6355242,MC6355242,MC9837181,R,1000000,0,,,
MC7525474,MC7525474,MC6355242,R,1000000,0,,,
MC2607861,MC2607861,MC6329514,L,0,40000,,,
MC3696585,MC3696585,MC7525474,R,1000000,0,,,
MC2289081,MC2289081,MC3696585,R,1000000,0,,,
MC2757705,MC2757705,MC6559465,R,NULL,NULL,,,
MC8610353,MC8610353,MC7456490,R,2290,0,,,
MC4218711,MC4218711,MC1793564,L,0,200000,,,
MC5471876,MC5471876,MC4218711,L,0,200000,,,
MC1296209,MC1296209,MC5471876,L,0,200000,,,
MC60238877,MC60238877,MC1296209,L,NULL,NULL,,,
MC7231045,MC7231045,MC2289081,R,1000000,0,,,
MC8286780,MC8286780,MC7231045,R,1000000,0,,,
MC1823575,MC1823575,MC8286780,R,1000000,0,,,
MC3244623,MC3244623,MC1823575,R,1000000,0,,,
MC9697391,MC9697391,MC3244623,R,1000000,0,,,
MC5111962,MC5111962,MC9697391,R,NULL,NULL,,,
MC5322934,MC5322934,MC2607861,L,0,40000,,,
MC4956156,MC4956156,MC2392346,R,NULL,NULL,,,
MC2759640,MC2759640,MC4956156,R,NULL,NULL,,,
MC3714917,MC3714917,MC5322934,L,NULL,NULL,,,
MC7238157,MC7238157,MC1718882,R,NULL,NULL,,,
MC1471854,MC1471854,MC8610353,R,2020,0,,,
MC4227435,MC4227435,MC7238157,R,NULL,NULL,,,
MC6086264,MC6086264,MC1136976,R,NULL,NULL,,,
MC5776929,MC5776929,MC4980098,R,765,0,,,
MC6901934,MC6901934,MC5776929,R,740,0,,,
MC8250625,MC8250625,MC6901934,R,740,0,,,
MC3436832,MC3436832,MC5111962,R,NULL,NULL,,,
MC5944274,MC5944274,MC3714917,L,NULL,NULL,,,
MC5359627,MC5359627,MC8250625,R,690,25,,,
MC7038475,MC7038475,MC5944274,L,NULL,NULL,,,
MC5506681,MC5506681,MC6506627,L,NULL,NULL,,,
MC9435103,MC9435103,MC5506681,L,NULL,NULL,,,
MC5885279,MC5885279,MC9435103,L,NULL,NULL,,,
MC2661985,MC2661985,MC3885143,R,50,0,,,
MC2516245,MC2516245,MC7038475,L,NULL,NULL,,,
MC5333360,MC5333360,MC2516245,R,NULL,NULL,,,
MC6117133,MC6117133,MC5333360,R,NULL,NULL,,,
MC4195738,MC4195738,MC6117133,L,NULL,NULL,,,
MC7768111,MC7768111,MC6117133,R,NULL,NULL,,,
MC5249800,MC5249800,MC1683203,L,NULL,NULL,,,
MC5871351,MC5871351,MC5249800,L,NULL,NULL,,,
MC1718337,MC1718337,MC60238877,L,NULL,NULL,,,
MC8706906,MC8706906,MC6774231,R,3075,0,,,
MC3564968,MC3564968,MC9375085,L,270,201045,,,
MC1603820,MC1603820,MC3564968,L,270,200675,,,
MC6359450,MC6359450,MC2661985,R,50,0,,,
MC7105888,MC7105888,MC6359450,R,50,0,,,
MC3795778,MC3795778,MC1603820,L,0,200575,,,
MC8720354,MC8720354,MC5530140,R,NULL,NULL,,,
MC1345091,MC1345091,MC22618845,R,NULL,NULL,,,
MC5769974,MC5769974,MC9786206,L,NULL,NULL,,,
MC8998961,MC8998961,MC5769974,L,NULL,NULL,,,
MC9920397,MC9920397,MC1345091,R,NULL,NULL,,,
MC9231265,MC9231265,MC1718337,L,NULL,NULL,,,
MC7000797,MC7000797,MC7105888,R,NULL,NULL,,,
MC8305169,MC8305169,MC2759640,R,NULL,NULL,,,
MC2495057,MC2495057,MC8305169,R,NULL,NULL,,,
MC9689725,MC9689725,MC2495057,R,NULL,NULL,,,
MC6465197,MC6465197,MC9689725,R,NULL,NULL,,,
MC3926309,MC3926309,MC5359627,L,NULL,NULL,,,
MC9165897,MC9165897,MC3425200,L,NULL,NULL,,,
MC3249379,MC3249379,MC1345091,L,NULL,NULL,,,
MC1311788,MC1311788,MC9165897,L,NULL,NULL,,,
MC4449274,MC4449274,MC3249379,L,NULL,NULL,,,
MC8882436,MC8882436,MC4449274,L,NULL,NULL,,,
MC3335968,MC3335968,MC9236945,R,25,0,,,
MC9099289,MC9099289,MC5510168,L,0,320,,,
MC9762290,MC9762290,MC9099289,R,NULL,NULL,,,
MC3169020,MC3169020,MC9762290,R,NULL,NULL,,,
MC2407783,MC2407783,MC9099289,L,0,320,,,
MC5226359,MC5226359,MC2516245,L,NULL,NULL,,,
MC8694471,MC8694471,MC1311788,L,NULL,NULL,,,
MC5089902,MC5089902,MC2407783,L,0,320,,,
MC9044802,MC9044802,MC7000797,R,NULL,NULL,,,
MC4542555,MC4542555,MC9044802,R,NULL,NULL,,,
MC4911162,MC4911162,MC5226359,L,NULL,NULL,,,
MC5180522,MC5180522,MC7000797,L,NULL,NULL,,,
MC1986147,MC1986147,MC5180522,L,NULL,NULL,,,
MC6879107,MC6879107,MC5089902,L,0,320,,,
MC4311217,MC4311217,MC3564968,R,NULL,NULL,,,
MC8131371,MC8131371,MC1603820,R,NULL,NULL,,,
MC7446592,MC7446592,MC4542555,R,NULL,NULL,,,
MC6727451,MC6727451,MC2946258,R,1875,0,,,
MC2571596,MC2571596,MC6727451,R,1875,0,,,
MC8792820,MC8792820,MC2571596,R,1875,0,,,
MC9547638,MC9547638,MC8792820,R,1875,0,,,
MC3261344,MC3261344,MC5578287,R,300,0,,,
MC2693473,MC2693473,MC6465197,R,NULL,NULL,,,
MC8697942,MC8697942,MC2693473,R,NULL,NULL,,,
MC4845337,MC4845337,MC3795778,L,100,200425,,,
MC6416326,MC6416326,MC7446592,R,NULL,NULL,,,
MC6106418,MC6106418,MC9547638,R,1185,420,,,
MC3405424,MC3405424,MC6106418,L,50,100,,,
MC2856665,MC2856665,MC3405424,L,0,100,,,
MC7029608,MC7029608,MC8706906,R,3075,0,,,
MC5242915,MC5242915,MC7029608,R,3050,0,,,
MC4803577,MC4803577,MC8694471,L,NULL,NULL,,,
MC7269370,MC7269370,MC5242915,R,3050,0,,,
MC9168211,MC9168211,MC5242915,L,NULL,NULL,,,
MC8839764,MC8839764,MC2392346,L,NULL,NULL,,,
MC7812837,MC7812837,MC8839764,L,NULL,NULL,,,
MC3389125,MC3389125,MC5776929,L,NULL,NULL,,,
MC8830425,MC8830425,MC3389125,R,NULL,NULL,,,
MC2631775,MC2631775,MC3389125,L,NULL,NULL,,,
MC4252210,MC4252210,MC2631775,L,NULL,NULL,,,
MC3183585,MC3183585,MC4252210,L,NULL,NULL,,,
MC4850445,MC4850445,MC3183585,L,NULL,NULL,,,
MC7228064,MC7228064,MC4845337,L,300,200025,,,
MC7417980,MC7417980,MC7228064,L,0,200000,,,
MC6640473,MC6640473,MC7417980,L,0,200000,,,
MC9262489,MC9262489,MC6640473,L,0,200000,,,
MC6674198,MC6674198,MC9262489,L,0,200000,,,
MC2323030,MC2323030,MC6674198,L,0,200000,,,
MC9315724,MC9315724,MC2323030,L,0,200000,,,
MC9639054,MC9639054,MC9315724,L,0,200000,,,
MC2995271,MC2995271,MC9639054,L,0,200000,,,
MC7367355,MC7367355,MC3335968,R,25,0,,,
MC5227019,MC5227019,MC7367355,R,25,0,,,
MC8208158,MC8208158,MC5227019,R,25,0,,,
MC7048213,MC7048213,MC8208158,R,NULL,NULL,,,
MC8061783,MC8061783,MC6879107,L,0,320,,,
MC6367560,MC6367560,MC8061783,L,0,320,,,
MC4497718,MC4497718,MC8061783,R,NULL,NULL,,,
MC3988379,MC3988379,MC6301970,R,1390,1735,,,
MC7896529,MC7896529,MC4211447,L,0,870,,,
MC6653851,MC6653851,MC7896529,L,50,770,,,
MC5337804,MC5337804,MC6653851,L,0,770,,,
MC8255330,MC8255330,MC6653851,R,50,0,,,
MC2878509,MC2878509,MC3988379,R,1340,50,,,
MC2245470,MC2245470,MC3261344,R,300,0,,,
MC1022043,MC1022043,MC6367560,L,0,295,,,
MC1606252,MC1606252,MC1022043,L,0,295,,,
MC3513263,MC3513263,MC1606252,L,0,295,,,
MC4934675,MC4934675,MC3513263,L,0,295,,,
MC4316050,MC4316050,MC3331331,L,NULL,NULL,,,
MC6309920,MC6309920,MC6106418,R,1185,0,,,
MC1810108,MC1810108,MC6309920,R,270,420,,,
MC5623181,MC5623181,MC3988379,L,900,835,,,
MC5749567,MC5749567,MC1810108,R,270,0,,,
MC7605189,MC7605189,MC5749567,L,NULL,NULL,,,
MC1590226,MC1590226,MC2245470,R,300,0,,,
MC8963328,MC8963328,MC1590226,R,300,0,,,
MC7711318,MC7711318,MC2245470,L,NULL,NULL,,,
MC5060500,MC5060500,MC6901934,L,NULL,NULL,,,
MC6259127,MC6259127,MC5060500,L,NULL,NULL,,,
MC8971476,MC8971476,MC6259127,L,NULL,NULL,,,
MC7063849,MC7063849,MC1590226,L,NULL,NULL,,,
MC5268112,MC5268112,MC7063849,L,NULL,NULL,,,
MC3241028,MC3241028,MC2995271,L,NULL,NULL,,,
MC1645622,MC1645622,MC2757705,R,NULL,NULL,,,
MC2745250,MC2745250,MC8963328,R,300,0,,,
MC3561134,MC3561134,MC2745250,R,300,0,,,
MC4218826,MC4218826,MC3561134,R,300,0,,,
MC5936918,MC5936918,MC4218826,R,300,0,,,
MC4366103,MC4366103,MC5936918,R,300,0,,,
MC9211286,MC9211286,MC4366103,R,300,0,,,
MC7760436,MC7760436,MC2878509,R,1340,0,,,
MC3745361,MC3745361,MC1810108,L,0,370,,,
MC1083674,MC1083674,MC3745361,L,0,370,,,
MC2552952,MC2552952,MC9211286,R,300,0,,,
MC5880313,MC5880313,MC7760436,R,1340,0,,,
MC3331511,MC3331511,MC5880313,R,1290,50,,,
MC9363017,MC9363017,MC3331511,R,1290,0,,,
MC9787611,MC9787611,MC9363017,R,1290,0,,,
MC7613694,MC7613694,MC1083674,L,0,370,,,
MC6078218,MC6078218,MC9787611,R,1040,250,,,
MC8782877,MC8782877,MC6078218,R,890,150,,,
MC6694901,MC6694901,MC3331511,L,0,50,,,
MC3735352,MC3735352,MC8782877,R,890,0,,,
MC5556254,MC5556254,MC5623181,L,0,835,,,
MC3072974,MC3072974,MC5556254,L,0,835,,,
MC1023243,MC1023243,MC2878509,L,0,50,,,
MC5453359,MC5453359,MC1023243,L,0,50,,,
MC9575154,MC9575154,MC5453359,L,0,50,,,
MC6244314,MC6244314,MC2986509,R,300,100,,,
MC9811273,MC9811273,MC3072974,L,0,835,,,
MC6830910,MC6830910,MC6244314,L,NULL,NULL,,,
MC1950048,MC1950048,MC6244314,R,250,0,,,
MC4042978,MC4042978,MC9575154,L,0,50,,,
MC1446685,MC1446685,MC4042978,L,0,50,,,
MC7880747,MC7880747,MC9811273,L,0,835,,,
MC6837867,MC6837867,MC7880747,L,0,835,,,
MC4458778,MC4458778,MC6837867,L,0,835,,,
MC7353896,MC7353896,MC4458778,L,0,565,,,
MC1459401,MC1459401,MC7353896,L,0,295,,,
MC3323057,MC3323057,MC1446685,L,0,50,,,
MC9700436,MC9700436,MC3735352,R,890,0,,,
MC5767815,MC5767815,MC1459401,L,0,25,,,
MC5505724,MC5505724,MC1950048,R,150,0,,,
MC2456576,MC2456576,MC9700436,R,890,0,,,
MC8924208,MC8924208,MC2456576,R,890,0,,,
MC7810952,MC7810952,MC2552952,R,300,0,,,
MC8668585,MC8668585,MC7810952,R,300,0,,,
MC5019772,MC5019772,MC3072974,R,NULL,NULL,,,
MC6813872,MC6813872,MC8924208,R,890,0,,,
MC2838663,MC2838663,MC8668585,R,300,0,,,
MC9542729,MC9542729,MC2838663,R,300,0,,,
MC7340925,MC7340925,MC9542729,R,300,0,,,
MC6784385,MC6784385,MC5505724,R,150,0,,,
MC8581991,MC8581991,MC6784385,L,NULL,NULL,,,
MC4460316,MC4460316,MC6784385,R,150,0,,,
MC1818730,MC1818730,MC6694901,L,0,50,,,
MC1934855,MC1934855,MC5767815,L,0,25,,,
MC6307618,MC6307618,MC2778449,L,NULL,NULL,,,
MC8466025,MC8466025,MC4460316,R,150,0,,,
MC1818199,MC1818199,MC4934675,L,0,295,,,
MC6104002,MC6104002,MC3323057,L,0,50,,,
MC8234322,MC8234322,MC6813872,R,890,0,,,
MC9876220,MC9876220,MC5623181,R,500,250,,,
MC5306416,MC5306416,MC1471854,R,2020,0,,,
MC9965441,MC9965441,MC5306416,R,2020,0,,,
MC9221675,MC9221675,MC9965441,R,2020,0,,,
MC5883310,MC5883310,MC9221675,R,2020,0,,,
MC3101578,MC3101578,MC5883310,R,2020,0,,,
MC5125787,MC5125787,MC3101578,R,2020,0,,,
MC2933147,MC2933147,MC5125787,R,1230,250,,,
MC1678775,MC1678775,MC2933147,R,1230,0,,,
MC5814813,MC5814813,MC1678775,R,1230,0,,,
MC7478518,MC7478518,MC5814813,R,1230,0,,,
MC3928924,MC3928924,MC7478518,R,1230,0,,,
MC6125674,MC6125674,MC3928924,R,1230,0,,,
MC3529206,MC3529206,MC6125674,R,1230,0,,,
MC8306340,MC8306340,MC3529206,R,1230,0,,,
MC9848098,MC9848098,MC8234322,R,890,0,,,
MC8832777,MC8832777,MC7340925,R,300,0,,,
MC4081698,MC4081698,MC9848098,R,890,0,,,
MC1737031,MC1737031,MC5749567,R,270,0,,,
MC6703536,MC6703536,MC6104002,L,0,50,,,
MC8240141,MC8240141,MC4845337,R,NULL,NULL,,,
MC8474036,MC8474036,MC7613694,L,0,370,,,
MC2682482,MC2682482,MC4081698,R,890,0,,,
MC5391643,MC5391643,MC8306340,R,1230,0,,,
MC7769485,MC7769485,MC5391643,R,1230,0,,,
MC2148064,MC2148064,MC7769485,R,1230,0,,,
MC5714860,MC5714860,MC2148064,R,1230,0,,,
MC1097653,MC1097653,MC5714860,R,1230,0,,,
MC4068374,MC4068374,MC1097653,R,1230,0,,,
MC5875090,MC5875090,MC4068374,R,1230,0,,,
MC2865124,MC2865124,MC5875090,R,1230,0,,,
MC9442445,MC9442445,MC2865124,R,1230,0,,,
MC6254036,MC6254036,MC9442445,R,1230,0,,,
MC8761343,MC8761343,MC6254036,R,910,50,,,
MC9816564,MC9816564,MC8832777,R,300,0,,,
MC5400047,MC5400047,MC1934855,L,NULL,NULL,,,
MC5261234,MC5261234,MC5400047,L,NULL,NULL,,,
MC5276082,MC5276082,MC7228064,R,0,250,,,
MC5202905,MC5202905,MC5276082,L,NULL,NULL,,,
MC2554934,MC2554934,MC6703536,L,0,50,,,
MC3746427,MC3746427,MC2554934,L,0,50,,,
MC6255364,MC6255364,MC3746427,L,0,50,,,
MC4061955,MC4061955,MC9816564,R,25,250,,,
MC7630307,MC7630307,MC4061955,R,NULL,NULL,,,
MC9332446,MC9332446,MC6255364,L,0,50,,,
MC2345100,MC2345100,MC9168211,L,NULL,NULL,,,
MC1873419,MC1873419,MC9332446,L,0,50,,,
MC2570479,MC2570479,MC1660202,R,NULL,NULL,,,
MC4637114,MC4637114,MC2570479,L,NULL,NULL,,,
MC5316756,MC5316756,MC1818199,L,0,295,,,
MC1466800,MC1466800,MC6813872,L,NULL,NULL,,,
MC1447229,MC1447229,MC5316756,L,0,295,,,
MC8942569,MC8942569,MC1447229,L,0,295,,,
MC1575393,MC1575393,MC6078218,L,0,250,,,
MC8270182,MC8270182,MC1575393,L,200,50,,,
MC8577107,MC8577107,MC8270182,R,200,0,,,
MC5987289,MC5987289,MC8832777,L,NULL,NULL,,,
MC5291865,MC5291865,MC8577107,L,NULL,NULL,,,
MC2920649,MC2920649,MC5291865,L,NULL,NULL,,,
MC3194593,MC3194593,MC7630307,R,NULL,NULL,,,
MC2389574,MC2389574,MC9850701,L,NULL,NULL,,,
MC6215044,MC6215044,MC2682482,R,890,0,,,
MC3045789,MC3045789,MC1737031,R,270,0,,,
MC9422959,MC9422959,MC6215044,R,840,0,,,
MC9328940,MC9328940,MC3045789,R,270,0,,,
MC7672442,MC7672442,MC9422959,R,840,0,,,
MC8427030,MC8427030,MC7672442,R,840,0,,,
MC4377603,MC4377603,MC8427030,R,840,0,,,
MC7327021,MC7327021,MC2177687,R,NULL,NULL,,,
MC6036619,MC6036619,MC8474036,L,0,370,,,
MC5030880,MC5030880,MC6036619,L,0,370,,,
MC4476037,MC4476037,MC7327021,R,NULL,NULL,,,
MC1178431,MC1178431,MC5359627,R,665,0,,,
MC7901876,MC7901876,MC1178431,R,665,0,,,
MC4959240,MC4959240,MC7901876,R,665,0,,,
MC9172849,MC9172849,MC4959240,R,665,0,,,
MC3374350,MC3374350,MC9172849,R,665,0,,,
MC4999884,MC4999884,MC8942569,L,0,270,,,
MC1915593,MC1915593,MC4999884,L,0,270,,,
MC4831471,MC4831471,MC4637114,L,NULL,NULL,,,
MC8738212,MC8738212,MC4637114,R,NULL,NULL,,,
MC7755471,MC7755471,MC1915593,L,0,270,,,
MC8821641,MC8821641,MC7755471,L,0,270,,,
MC9347843,MC9347843,MC8821641,L,0,270,,,
MC19040529,MC19040529,MC8738212,R,NULL,NULL,,,
MC7393391,MC7393391,MC5578287,L,NULL,NULL,,,
MC1899810,MC1899810,MC5337804,L,670,50,,,
MC9008309,MC9008309,MC4061955,L,100,125,,,
MC4263243,MC4263243,MC19040529,R,NULL,NULL,,,
MC8979820,MC8979820,MC19040529,L,NULL,NULL,,,
MC3377935,MC3377935,MC4377603,R,840,0,,,
MC3641612,MC3641612,MC1899810,L,0,50,,,
MC2844847,MC2844847,MC1899810,R,670,0,,,
MC1904644,MC1904644,MC8979820,L,NULL,NULL,,,
MC6840089,MC6840089,MC3194593,R,NULL,NULL,,,
MC4171798,MC4171798,MC4263243,R,NULL,NULL,,,
MC2170418,MC2170418,MC4171798,R,NULL,NULL,,,
MC6224604,MC6224604,MC2170418,R,NULL,NULL,,,
MC7788592,MC7788592,MC3641612,L,0,50,,,
MC1466962,MC1466962,MC7788592,L,0,50,,,
MC9294334,MC9294334,MC7788592,R,NULL,NULL,,,
MC5939786,MC5939786,MC3297061,L,0,175,,,
MC4994827,MC4994827,MC3374350,R,615,0,,,
MC9895113,MC9895113,MC4831471,L,NULL,NULL,,,
MC3359251,MC3359251,MC9895113,L,NULL,NULL,,,
MC5283440,MC5283440,MC2844847,R,670,0,,,
MC9121924,MC9121924,MC8255330,R,NULL,NULL,,,
MC66392008,MC66392008,MC6840089,R,NULL,NULL,,,
MC9114257,MC9114257,MC9328940,R,270,0,,,
MC7174805,MC7174805,MC9114257,R,270,0,,,
MC2407980,MC2407980,MC9347843,L,NULL,NULL,,,
MC6732446,MC6732446,MC66392008,R,NULL,NULL,,,
MC4943946,MC4943946,MC7174805,R,270,0,,,
MC9750625,MC9750625,MC4943946,R,270,0,,,
MC5863658,MC5863658,MC1873419,L,0,50,,,
MC6771029,MC6771029,MC5863658,L,0,50,,,
MC2676808,MC2676808,MC4316050,L,NULL,NULL,,,
MC1191754,MC1191754,MC6771029,L,0,50,,,
MC9370795,MC9370795,MC1191754,L,0,50,,,
MC6860175,MC6860175,MC9370795,L,0,50,,,
MC3643298,MC3643298,MC6860175,L,0,50,,,
MC7847765,MC7847765,MC1818730,L,0,50,,,
MC2086198,MC2086198,MC7847765,L,0,50,,,
MC3617636,MC3617636,MC2676808,L,NULL,NULL,,,
MC9577715,MC9577715,MC1466962,L,NULL,NULL,,,
MC8050567,MC8050567,MC9577715,L,NULL,NULL,,,
MC2329434,MC2329434,MC3643298,L,NULL,NULL,,,
MC2425478,MC2425478,MC3045789,L,NULL,NULL,,,
MC8230836,MC8230836,MC3617636,L,NULL,NULL,,,
MC9642035,MC9642035,MC2345100,L,NULL,NULL,,,
MC3584017,MC3584017,MC8230836,L,NULL,NULL,,,
MC2794456,MC2794456,MC6732446,R,NULL,NULL,,,
MC7424779,MC7424779,MC8577107,R,200,0,,,
MC6672035,MC6672035,MC9145161,R,NULL,NULL,,,
MC9029224,MC9029224,MC3584017,L,NULL,NULL,,,
MC4052386,MC4052386,MC8050567,L,NULL,NULL,,,
MC7897224,MC7897224,MC9750625,R,270,0,,,
MC9486272,MC9486272,MC1575393,R,NULL,NULL,,,
MC9956508,MC9956508,MC5939786,L,0,175,,,
MC1562198,MC1562198,MC9956508,L,0,175,,,
MC5182145,MC5182145,MC9577715,R,NULL,NULL,,,
MC1384120,MC1384120,MC2794456,R,NULL,NULL,,,
MC9937282,MC9937282,MC8270182,L,0,50,,,
MC9414324,MC9414324,MC4052386,L,NULL,NULL,,,
MC8248605,MC8248605,MC5030880,L,0,370,,,
MC4446264,MC4446264,MC7269370,R,3025,0,,,
MC8801046,MC8801046,MC4446264,R,3000,0,,,
MC9081706,MC9081706,MC8374449,R,540,0,,,
MC7557958,MC7557958,MC9081706,R,540,0,,,
MC8419075,MC8419075,MC7557958,R,540,0,,,
MC6669806,MC6669806,MC8419075,R,540,0,,,
MC2637054,MC2637054,MC6669806,R,540,0,,,
MC5583418,MC5583418,MC2637054,R,540,0,,,
MC9972030,MC9972030,MC5583418,R,540,0,,,
MC6174963,MC6174963,MC9972030,R,540,0,,,
MC8369983,MC8369983,MC6174963,R,540,0,,,
MC9874327,MC9874327,MC8369983,R,540,0,,,
MC9653197,MC9653197,MC9874327,R,540,0,,,
MC9339741,MC9339741,MC9653197,R,540,0,,,
MC3656835,MC3656835,MC9339741,R,540,0,,,
MC6564161,MC6564161,MC8761343,R,910,0,,,
MC8123068,MC8123068,MC7897224,R,NULL,NULL,,,
MC9588128,MC9588128,MC8123068,R,NULL,NULL,,,
MC9509511,MC9509511,MC3377935,R,840,0,,,
MC2274681,MC2274681,MC9509511,R,790,0,,,
MC5841921,MC5841921,MC2274681,R,790,0,,,
MC2940014,MC2940014,MC5841921,R,790,0,,,
MC3088442,MC3088442,MC2940014,R,790,0,,,
MC8236184,MC8236184,MC2940014,L,NULL,NULL,,,
MC9602618,MC9602618,MC8236184,L,NULL,NULL,,,
MC7966471,MC7966471,MC9602618,L,NULL,NULL,,,
MC2155008,MC2155008,MC7966471,R,NULL,NULL,,,
MC6065624,MC6065624,MC9588128,R,NULL,NULL,,,
MC2644815,MC2644815,MC4994827,R,615,0,,,
MC4731549,MC4731549,MC1384120,R,NULL,NULL,,,
MC2664552,MC2664552,MC4731549,R,NULL,NULL,,,
MC4499945,MC4499945,MC6065624,R,NULL,NULL,,,
MC4401478,MC4401478,MC9937282,L,0,50,,,
MC2747988,MC2747988,MC7424779,R,200,0,,,
MC8393087,MC8393087,MC4401478,L,0,50,,,
MC5054685,MC5054685,MC4401478,R,NULL,NULL,,,
MC6470223,MC6470223,MC2747988,L,NULL,NULL,,,
MC8421443,MC8421443,MC2747988,R,200,0,,,
MC2221642,MC2221642,MC8393087,L,0,50,,,
MC9763459,MC9763459,MC8393087,R,NULL,NULL,,,
MC3857467,MC3857467,MC5054685,L,NULL,NULL,,,
MC9818711,MC9818711,MC5054685,R,NULL,NULL,,,
MC7235836,MC7235836,MC8782877,L,0,150,,,
MC5898522,MC5898522,MC2794456,L,NULL,NULL,,,
MC7796176,MC7796176,MC6470223,L,NULL,NULL,,,
MC1622425,MC1622425,MC7235836,L,0,150,,,
MC9389760,MC9389760,MC1622425,L,0,150,,,
MC7596144,MC7596144,MC6470223,R,NULL,NULL,,,
MC2919150,MC2919150,MC9389760,L,0,150,,,
MC7660708,MC7660708,MC8421443,L,NULL,NULL,,,
MC3014276,MC3014276,MC7235836,R,NULL,NULL,,,
MC2476412,MC2476412,MC8421443,R,200,0,,,
MC4473658,MC4473658,MC2919150,L,0,150,,,
MC5555983,MC5555983,MC4473658,L,0,150,,,
MC3170390,MC3170390,MC4499945,R,NULL,NULL,,,
MC3522828,MC3522828,MC5555983,L,0,150,,,
MC9818660,MC9818660,MC3405424,R,NULL,NULL,,,
MC7071655,MC7071655,MC3522828,L,0,150,,,
MC7339267,MC7339267,MC2664552,L,NULL,NULL,,,
MC1515856,MC1515856,MC7071655,L,0,150,,,
MC2032745,MC2032745,MC2856665,L,0,100,,,
MC2563865,MC2563865,MC6830910,L,NULL,NULL,,,
MC7763188,MC7763188,MC3170390,R,NULL,NULL,,,
MC50436993,MC50436993,MC4850841,L,NULL,NULL,,,
MC7085378,MC7085378,MC1515856,L,0,150,,,
MC1554676,MC1554676,MC9029224,L,NULL,NULL,,,
MC7710524,MC7710524,MC2644815,R,590,0,,,
MC4069329,MC4069329,MC2476412,R,200,0,,,
MC2542081,MC2542081,MC7630307,L,NULL,NULL,,,
MC5212881,MC5212881,MC7710524,R,320,0,,,
MC4288845,MC4288845,MC7085378,L,0,150,,,
MC1638676,MC1638676,MC4288845,L,0,150,,,
MC4316980,MC4316980,MC6086264,R,NULL,NULL,,,
MC6205430,MC6205430,MC1638676,L,0,150,,,
MC2634695,MC2634695,MC3656835,R,270,0,,,
MC6167752,MC6167752,MC5212881,R,270,0,,,
MC1642111,MC1642111,MC9008309,R,50,25,,,
MC9767466,MC9767466,MC9008309,L,0,125,,,
MC6311119,MC6311119,MC9767466,L,0,125,,,
MC3681928,MC3681928,MC1642111,R,50,0,,,
MC8041874,MC8041874,MC3681928,R,50,0,,,
MC5977619,MC5977619,MC6311119,L,0,125,,,
MC2564876,MC2564876,MC5283440,R,470,150,,,
MC6308566,MC6308566,MC2564876,L,0,150,,,
MC4505889,MC4505889,MC6308566,L,0,150,,,
MC6376734,MC6376734,MC2564876,R,470,0,,,
MC1646404,MC1646404,MC5977619,L,25,75,,,
MC4595039,MC4595039,MC1646404,L,0,50,,,
MC9926011,MC9926011,MC8041874,R,25,0,,,
MC6553507,MC6553507,MC1646404,R,25,0,,,
MC2382709,MC2382709,MC2221642,L,NULL,NULL,,,
MC4507235,MC4507235,MC4595039,L,0,50,,,
MC8058368,MC8058368,MC2382709,L,NULL,NULL,,,
MC6068350,MC6068350,MC8058368,L,NULL,NULL,,,
MC9475228,MC9475228,MC2382709,R,NULL,NULL,,,
MC1440061,MC1440061,MC6068350,L,NULL,NULL,,,
MC4468535,MC4468535,MC1440061,L,NULL,NULL,,,
MC9693199,MC9693199,MC9294334,R,NULL,NULL,,,
MC7208257,MC7208257,MC4507235,L,0,50,,,
MC2634034,MC2634034,MC9926011,R,25,0,,,
MC2774259,MC2774259,MC9414324,L,NULL,NULL,,,
MC5496555,MC5496555,MC2774259,L,NULL,NULL,,,
MC3864515,MC3864515,MC7208257,L,0,50,,,
MC9719566,MC9719566,MC5496555,L,NULL,NULL,,,
MC4185693,MC4185693,MC5496555,R,NULL,NULL,,,
MC3722367,MC3722367,MC3864515,L,0,50,,,
MC6157351,MC6157351,MC3722367,L,0,25,,,
MC3127374,MC3127374,MC6157351,L,0,25,,,
MC7931919,MC7931919,MC3127374,R,NULL,NULL,,,
MC2815849,MC2815849,MC6553507,R,25,0,,,
MC1046442,MC1046442,MC3127374,L,0,25,,,
MC7520252,MC7520252,MC1046442,L,NULL,NULL,,,
MC6223155,MC6223155,MC2032745,L,0,50,,,
MC6823160,MC6823160,MC3088442,R,790,0,,,
MC6333566,MC6333566,MC2815849,R,NULL,NULL,,,
MC1760024,MC1760024,MC8248605,L,0,370,,,
MC1802055,MC1802055,MC1760024,L,0,320,,,
MC9988109,MC9988109,MC1802055,L,NULL,NULL,,,
MC4442044,MC4442044,MC7520252,R,NULL,NULL,,,
MC8894280,MC8894280,MC7520252,L,NULL,NULL,,,
MC8936947,MC8936947,MC8894280,L,NULL,NULL,,,
MC4063554,MC4063554,MC4069329,R,150,0,,,
MC4595433,MC4595433,MC4063554,L,NULL,NULL,,,
MC6144513,MC6144513,MC4063554,R,150,0,,,
MC8742601,MC8742601,MC6167752,R,NULL,NULL,,,
MC3631105,MC3631105,MC6157351,R,NULL,NULL,,,
MC4852807,MC4852807,MC4505889,L,50,50,,,
MC9424683,MC9424683,MC4852807,L,NULL,NULL,,,
MC2640189,MC2640189,MC4852807,R,NULL,NULL,,,
MC7105640,MC7105640,MC1642111,L,NULL,NULL,,,
MC2402013,MC2402013,MC6376734,R,100,320,,,
MC9567251,MC9567251,MC2402013,L,0,270,,,
MC4915053,MC4915053,MC2402013,R,50,0,,,
MC9421447,MC9421447,MC4442044,R,NULL,NULL,,,
MC6206519,MC6206519,MC8936947,L,NULL,NULL,,,
MC5609977,MC5609977,MC6206519,L,NULL,NULL,,,
MC9984121,MC9984121,MC6144513,R,100,0,,,
MC7302183,MC7302183,MC9984121,L,NULL,NULL,,,
MC4165012,MC4165012,MC9984121,R,100,0,,,
MC2018938,MC2018938,MC7302183,L,NULL,NULL,,,
MC1960260,MC1960260,MC5261234,L,NULL,NULL,,,
MC7495550,MC7495550,MC2664552,R,NULL,NULL,,,
MC8870508,MC8870508,MC7495550,R,NULL,NULL,,,
MC7510655,MC7510655,MC6223155,L,NULL,NULL,,,
MC3937433,MC3937433,MC8466025,R,50,50,,,
MC7327569,MC7327569,MC7510655,L,NULL,NULL,,,
MC1687339,MC1687339,MC8870508,R,NULL,NULL,,,
MC5828663,MC5828663,MC2634034,R,25,0,,,
MC4615444,MC4615444,MC5521351,R,400,0,,,
MC3716836,MC3716836,MC5609977,L,NULL,NULL,,,
MC9314700,MC9314700,MC4615444,R,400,0,,,
MC8061853,MC8061853,MC9314700,R,400,0,,,
MC6388778,MC6388778,MC8061853,L,NULL,NULL,,,
MC4390760,MC4390760,MC6388778,L,NULL,NULL,,,
MC1902948,MC1902948,MC4615444,L,NULL,NULL,,,
MC8071411,MC8071411,MC8061853,R,400,0,,,
MC8193888,MC8193888,MC2407980,L,NULL,NULL,,,
MC7735811,MC7735811,MC8071411,R,400,0,,,
MC5001122,MC5001122,MC7735811,R,400,0,,,
MC9597643,MC9597643,MC5001122,R,400,0,,,
MC9948065,MC9948065,MC9597643,R,400,0,,,
MC1353508,MC1353508,MC9948065,R,400,0,,,
MC5832803,MC5832803,MC1353508,R,400,0,,,
MC9085182,MC9085182,MC5832803,R,400,0,,,
MC4476509,MC4476509,MC9085182,R,400,0,,,
MC3380852,MC3380852,MC8801046,R,3000,0,,,
MC2799194,MC2799194,MC3380852,L,NULL,NULL,,,
MC4202441,MC4202441,MC2799194,L,NULL,NULL,,,
MC7784819,MC7784819,MC3380852,R,3000,0,,,
MC4806868,MC4806868,MC4476509,R,400,0,,,
MC9061317,MC9061317,MC1960260,L,NULL,NULL,,,
MC7418397,MC7418397,MC3937433,R,NULL,NULL,,,
MC1526613,MC1526613,MC3631105,R,NULL,NULL,,,
MC2833289,MC2833289,MC5828663,R,25,0,,,
MC9521935,MC9521935,MC6564161,R,540,270,,,
MC7067898,MC7067898,MC9521935,R,270,0,,,
MC4902605,MC4902605,MC9424683,L,NULL,NULL,,,
MC8865126,MC8865126,MC2640189,R,NULL,NULL,,,
MC5049447,MC5049447,MC9642035,L,NULL,NULL,,,
MC4821191,MC4821191,MC5049447,L,NULL,NULL,,,
MC4167693,MC4167693,MC4821191,L,NULL,NULL,,,
MC4891446,MC4891446,MC4821191,R,NULL,NULL,,,
MC6772130,MC6772130,MC8865126,R,NULL,NULL,,,
MC9081836,MC9081836,MC4165012,R,50,0,,,
MC3421508,MC3421508,MC4902605,L,NULL,NULL,,,
MC4693829,MC4693829,MC4167693,L,NULL,NULL,,,
MC4631188,MC4631188,MC6823160,R,540,0,,,
MC3384067,MC3384067,MC2833289,R,NULL,NULL,,,
MC4262980,MC4262980,MC4693829,L,NULL,NULL,,,
MC8427535,MC8427535,MC4262980,L,NULL,NULL,,,
MC1363282,MC1363282,MC4631188,R,540,0,,,
MC4657264,MC4657264,MC3384067,R,NULL,NULL,,,
MC2417502,MC2417502,MC4657264,R,NULL,NULL,,,
MC5882859,MC5882859,MC1363282,R,540,0,,,
MC1022857,MC1022857,MC5882859,R,540,0,,,
MC6069416,MC6069416,MC1022857,R,540,0,,,
MC5296570,MC5296570,MC6069416,R,270,0,,,
MC2138897,MC2138897,MC5296570,R,NULL,NULL,,,
MC3222808,MC3222808,MC7418397,R,NULL,NULL,,,
MC5793634,MC5793634,MC3716836,L,NULL,NULL,,,
MC6162887,MC6162887,MC2417502,R,NULL,NULL,,,
MC9238016,MC9238016,MC8427535,L,NULL,NULL,,,
MC2888009,MC2888009,MC4806868,R,400,0,,,
MC2678617,MC2678617,MC2888009,R,400,0,,,
MC6943611,MC6943611,MC8193888,L,NULL,NULL,,,
MC7465314,MC7465314,MC9567251,L,NULL,NULL,,,
MC9273327,MC9273327,MC4468535,L,NULL,NULL,,,
MC8162517,MC8162517,MC9273327,L,NULL,NULL,,,
MC8443517,MC8443517,MC9273327,R,NULL,NULL,,,
MC3931889,MC3931889,MC1645622,R,NULL,NULL,,,
MC5794084,MC5794084,MC3222808,R,NULL,NULL,,,
MC2745317,MC2745317,MC1687339,R,NULL,NULL,,,
MC6946989,MC6946989,MC7067898,R,270,0,,,
MC1549680,MC1549680,MC2933147,L,0,250,,,
MC2737970,MC2737970,MC1549680,L,0,150,,,
MC3428977,MC3428977,MC2737970,L,0,50,,,
MC8897709,MC8897709,MC3931889,L,NULL,NULL,,,
MC1998526,MC1998526,MC8897709,L,NULL,NULL,,,
MC2060628,MC2060628,MC4915053,R,NULL,NULL,,,
MC1310735,MC1310735,MC1998526,L,NULL,NULL,,,
MC2023184,MC2023184,MC5125787,L,NULL,NULL,,,
MC5716524,MC5716524,MC2023184,L,NULL,NULL,,,
MC5931646,MC5931646,MC5716524,L,NULL,NULL,,,
MC1924826,MC1924826,MC1554676,L,NULL,NULL,,,
MC3293483,MC3293483,MC1924826,L,NULL,NULL,,,
MC3243987,MC3243987,MC9521935,L,NULL,NULL,,,
MC1605313,MC1605313,MC9231265,L,NULL,NULL,,,
MC3873620,MC3873620,MC1605313,L,NULL,NULL,,,
MC5058507,MC5058507,MC4595433,L,NULL,NULL,,,
MC7865584,MC7865584,MC5058507,R,NULL,NULL,,,
MC7272022,MC7272022,MC1310735,L,NULL,NULL,,,
MC4746578,MC4746578,MC7272022,L,NULL,NULL,,,
MC1319102,MC1319102,MC4746578,L,NULL,NULL,,,
MC8901979,MC8901979,MC1319102,L,NULL,NULL,,,
MC6177186,MC6177186,MC3931889,R,NULL,NULL,,,
MC9645428,MC9645428,MC6580252,L,NULL,NULL,,,
MC9807009,MC9807009,MC8901979,L,NULL,NULL,,,
MC1528925,MC1528925,MC9807009,L,NULL,NULL,,,
MC2167885,MC2167885,MC1528925,L,NULL,NULL,,,
MC1982468,MC1982468,MC2167885,L,NULL,NULL,,,
MC3124933,MC3124933,MC1982468,L,NULL,NULL,,,
MC3463942,MC3463942,MC1528925,R,NULL,NULL,,,
MC5963202,MC5963202,MC3463942,R,NULL,NULL,,,
MC8362263,MC8362263,MC3124933,L,NULL,NULL,,,
MC4147281,MC4147281,MC6205430,L,0,100,,,
MC7321547,MC7321547,MC2682482,L,NULL,NULL,,,
MC5127419,MC5127419,MC2086198,L,NULL,NULL,,,
MC5775051,MC5775051,MC6177186,R,NULL,NULL,,,
MC2643245,MC2643245,MC3873620,L,NULL,NULL,,,
MC4768153,MC4768153,MC5793634,L,NULL,NULL,,,
MC3826589,MC3826589,MC2563865,L,NULL,NULL,,,
MC1826636,MC1826636,MC8362263,L,NULL,NULL,,,
MC1566469,MC1566469,MC7417980,R,NULL,NULL,,,
MC1953015,MC1953015,MC1566469,R,NULL,NULL,,,
MC6775413,MC6775413,MC1953015,R,NULL,NULL,,,
MC7931571,MC7931571,MC6775413,R,NULL,NULL,,,
MC1770626,MC1770626,MC7931571,R,NULL,NULL,,,
MC2987615,MC2987615,MC2634695,R,NULL,NULL,,,
MC2573944,MC2573944,MC2340364,R,NULL,NULL,,,
MC1111842,MC1111842,MC2573944,R,NULL,NULL,,,
MC5763809,MC5763809,MC5775051,L,NULL,NULL,,,
MC7297496,MC7297496,MC5763809,L,NULL,NULL,,,
MC4804430,MC4804430,MC7297496,L,NULL,NULL,,,
MC7824484,MC7824484,MC5775051,R,NULL,NULL,,,
MC5227985,MC5227985,MC1950048,L,NULL,NULL,,,
MC6714022,MC6714022,MC5227985,L,NULL,NULL,,,
MC2686274,MC2686274,MC3826589,L,NULL,NULL,,,
MC6238968,MC6238968,MC1111842,R,NULL,NULL,,,
MC2192955,MC2192955,MC2678617,R,350,0,,,
MC9133363,MC9133363,MC9876220,L,NULL,NULL,,,
MC6809025,MC6809025,MC9876220,R,250,0,,,
MC2435994,MC2435994,MC6809025,R,250,0,,,
MC8769755,MC8769755,MC2435994,R,NULL,NULL,,,
MC7672165,MC7672165,MC8162517,L,NULL,NULL,,,
MC3077342,MC3077342,MC7672165,L,NULL,NULL,,,
MC58547681,MC58547681,MC7672165,R,NULL,NULL,,,
MC2127700,MC2127700,MC58547681,R,NULL,NULL,,,
MC7219035,MC7219035,MC3077342,L,NULL,NULL,,,
MC1400837,MC1400837,MC2127700,L,NULL,NULL,,,
MC2108737,MC2108737,MC2127700,R,NULL,NULL,,,
MC1469782,MC1469782,MC6946989,R,NULL,NULL,,,
MC7711812,MC7711812,MC2192955,R,50,250,,,
MC4871012,MC4871012,MC7711812,R,50,0,,,
MC6579848,MC6579848,MC5963202,R,NULL,NULL,,,
MC1426670,MC1426670,MC3428977,L,NULL,NULL,,,
MC2182776,MC2182776,MC5058507,L,NULL,NULL,,,
MC2487337,MC2487337,MC1826636,L,NULL,NULL,,,
MC6343209,MC6343209,MC7784819,R,0,1000,,,
MC3172927,MC3172927,MC2487337,L,NULL,NULL,,,
MC9940113,MC9940113,MC3172927,L,NULL,NULL,,,
MC8828386,MC8828386,MC4871012,L,NULL,NULL,,,
MC5699791,MC5699791,MC6943611,L,NULL,NULL,,,
MC6181189,MC6181189,MC6343209,L,NULL,NULL,,,
MC6374093,MC6374093,MC7219035,L,NULL,NULL,,,
MC4832495,MC4832495,MC7711812,L,0,250,,,
MC5468036,MC5468036,MC4832495,L,0,250,,,
MC4320184,MC4320184,MC5468036,L,0,150,,,
MC8102781,MC8102781,MC9475228,R,NULL,NULL,,,
MC5623452,MC5623452,MC9182732,R,NULL,NULL,,,
MC4283860,MC4283860,MC9940113,L,NULL,NULL,,,
MC2696617,MC2696617,MC1426670,L,NULL,NULL,,,
MC9382936,MC9382936,MC5623452,R,NULL,NULL,,,
MC2428156,MC2428156,MC7824484,R,NULL,NULL,,,
MC5629514,MC5629514,MC2428156,R,NULL,NULL,,,
MC6637026,MC6637026,MC5629514,R,NULL,NULL,,,
MC8607380,MC8607380,MC6637026,R,NULL,NULL,,,
MC2087852,MC2087852,MC8828386,L,NULL,NULL,,,
MC8082869,MC8082869,MC4871012,R,50,0,,,
MC7971763,MC7971763,MC8082869,R,50,0,,,
MC9925957,MC9925957,MC9238016,L,NULL,NULL,,,
MC1642743,MC1642743,MC9925957,L,NULL,NULL,,,
MC7174411,MC7174411,MC5699791,L,NULL,NULL,,,
MC6969843,MC6969843,MC7971763,R,50,0,,,
MC6168163,MC6168163,MC4320184,L,0,150,,,
MC1411292,MC1411292,MC6168163,L,100,0,,,
MC2671976,MC2671976,MC8761343,L,NULL,NULL,,,
MC8231239,MC8231239,MC8102781,R,NULL,NULL,,,
