_id,uniqueHubId,userID,mintingType,mintingAmount,clicksDone,totalProfitEarned,isActive,startDate,lastClickTime
0001,12345,0002,AUTO,100,10,99.34,FALSE,2025-07-05T12:06:59.802+00:00,2025-07-05T12:07:43.187+00:00
MC1897522,6,MC1897522,Self,15000,138,3639.42,TRUE,2025-03-22T23:54:16.802+00:00,2025-07-31T19:47:36.187+00:00
MC2951876,4,MC2951876,Self,6000,137,1625.7,TRUE,2025-03-22T23:54:57.802+00:00,2025-07-31T19:47:41.187+00:00
MC2862160,4,MC2862160,Self,6000,127,1435.776,TRUE,2025-03-23T02:25:52.802+00:00,2025-07-31T19:47:45.187+00:00
MC8954564,3,MC8954564,Self,2200,144,595.9492,TRUE,2025-04-19T12:58:16.802+00:00,2025-08-01T11:03:05.187+00:00
MC6588012,3,MC6588012,Self,2000,179,661.66,TRUE,2025-04-19T19:24:40.802+00:00,2025-08-01T09:37:12.187+00:00
MC3565289,4,MC3565289,Self,5000,35,291.55,TRUE,2025-04-20T21:03:47.802+00:00,2025-05-22T01:44:05.187+00:00
MC3565289,19,MC3565289,Self,5000,35,291.55,TRUE,2025-04-20T21:03:47.802+00:00,2025-05-22T01:44:05.187+00:00
MC9207770,3,MC9207770,Self,2000,60,261.916,TRUE,2025-04-22T18:03:48.802+00:00,2025-08-01T09:38:47.187+00:00
MC9014956,3,MC9014956,Self,150,160,44.874,TRUE,2025-04-23T11:55:19.802+00:00,2025-08-01T10:04:59.187+00:00
MC9014956,15,MC9014956,Self,150,160,44.874,TRUE,2025-04-23T11:55:19.802+00:00,2025-08-01T10:04:59.187+00:00
MC340443,6,MC340443,Self,15000,97,2839.74,TRUE,2025-04-25T21:11:57.802+00:00,2025-07-31T19:47:30.187+00:00
MC9625179,3,MC9625179,Self,25,2,0.083,TRUE,2025-04-26T11:10:15.802+00:00,2025-07-10T05:19:04.187+00:00
MC5539701,1,MC5539701,Self,25,0,0,TRUE,2025-04-26T11:11:21.802+00:00,
MC1722943,3,MC1722943,Self,25,0,0,TRUE,2025-04-26T11:13:42.802+00:00,
MC1129217,3,MC1129217,Self,25,1,0.0417,TRUE,2025-04-26T11:16:55.802+00:00,2025-05-04T17:18:36.187+00:00
MC7718768,1,MC7718768,Self,25,0,0,TRUE,2025-04-26T11:17:58.802+00:00,
MC2891813,1,MC2891813,Self,25,0,0,TRUE,2025-04-26T11:19:41.802+00:00,
MC2481377,1,MC2481377,Self,25,0,0,TRUE,2025-04-26T11:20:26.802+00:00,
MC2141104,1,MC2141104,Self,25,1,0.0417,TRUE,2025-04-26T11:21:21.802+00:00,2025-05-15T01:40:36.187+00:00
MC2317346,3,MC2317346,Self,25,0,0,TRUE,2025-04-26T11:22:17.802+00:00,
MC9177201,1,MC9177201,Self,25,0,0,TRUE,2025-04-26T11:23:48.802+00:00,
MC3651240,19,MC3651240,Self,25,0,0,TRUE,2025-04-26T11:24:47.802+00:00,
MC5164707,19,MC5164707,Self,25,0,0,TRUE,2025-04-26T11:25:39.802+00:00,
MC4526297,19,MC4526297,Self,25,0,0,TRUE,2025-04-26T11:26:28.802+00:00,
MC2609577,1,MC2609577,Self,25,2,0.0834,TRUE,2025-04-26T11:27:24.802+00:00,2025-05-06T20:16:50.187+00:00
MC8525387,3,MC8525387,Self,25,0,0,TRUE,2025-04-26T11:28:36.802+00:00,
MC51640585,19,MC51640585,Self,25,1,0.0417,TRUE,2025-04-26T11:29:29.802+00:00,2025-05-03T21:03:23.187+00:00
MC4494776,19,MC4494776,Self,25,0,0,TRUE,2025-04-26T11:30:22.802+00:00,
MC6755591,19,MC6755591,Self,150,161,162.8655,TRUE,2025-04-26T16:15:59.802+00:00,2025-08-01T05:00:39.187+00:00
MC3417527,1,MC3417527,Self,300,108,57.325,TRUE,2025-04-29T23:14:25.802+00:00,2025-07-29T23:25:18.187+00:00
MC1587091,1,MC1587091,Self,300,1,0.499,TRUE,2025-04-29T23:16:59.802+00:00,2025-04-30T21:37:44.187+00:00
MC5501160,1,MC5501160,Self,300,13,6.487,TRUE,2025-04-29T23:19:44.802+00:00,2025-05-31T02:13:04.187+00:00
MC4955784,1,MC4955784,Self,300,57,32.363,TRUE,2025-04-29T23:21:27.802+00:00,2025-07-31T15:24:34.187+00:00
MC6766506,19,MC6766506,Self,150,1,0.2499,TRUE,2025-04-29T23:23:47.802+00:00,2025-05-18T01:29:07.187+00:00
MC8901646,19,MC8901646,Self,150,0,0,TRUE,2025-04-29T23:25:16.802+00:00,
MC8869573,7,MC8869573,Self,25000,28,1329.6,TRUE,2025-05-02T13:50:57.802+00:00,2025-07-30T10:36:01.187+00:00
MC8404455,7,MC8404455,Self,25000,41,1911.9,TRUE,2025-05-04T19:23:47.802+00:00,2025-07-31T17:31:10.187+00:00
MC3618724,1104,MC3618724,Self,10000,8,133.28,TRUE,2025-05-06T13:19:31.802+00:00,2025-05-28T13:38:49.187+00:00
MC6359267,1,MC6359267,Self,500,20,16.66,TRUE,2025-05-06T13:22:26.802+00:00,2025-05-26T01:33:22.187+00:00
MC6559465,1,MC6559465,Self,500,0,0,TRUE,2025-05-06T13:24:17.802+00:00,
MC2778449,1,MC2778449,Self,500,4,3.332,TRUE,2025-05-06T13:26:42.802+00:00,2025-05-14T11:57:58.187+00:00
MC5375376,1,MC5375376,Self,500,31,33.985,TRUE,2025-05-06T13:29:27.802+00:00,2025-08-01T12:31:13.187+00:00
MC2986509,19,MC2986509,Self,50,118,11.672,TRUE,2025-05-08T13:41:28.802+00:00,2025-08-01T06:41:36.187+00:00
MC7565994,7,MC7565994,Self,30000,74,4137.78,TRUE,2025-05-13T15:11:20.802+00:00,2025-07-30T20:13:32.187+00:00
MC1291738,19,MC1291738,Self,165,36,10.4304,TRUE,2025-05-13T22:40:04.802+00:00,2025-07-31T00:02:40.187+00:00
MC4381588,19,MC4381588,Self,165,32,9.3308,TRUE,2025-05-13T22:40:41.802+00:00,2025-07-31T00:01:27.187+00:00
MC4073916,19,MC4073916,Self,165,29,8.5087,TRUE,2025-05-13T22:41:19.802+00:00,2025-07-31T00:04:33.187+00:00
MC1585567,6,MC1585567,Self,15000,71,1920.87,TRUE,2025-05-14T15:22:05.802+00:00,2025-07-26T11:31:33.187+00:00
MC3774796,19,MC3774796,Self,165,5,1.3745,TRUE,2025-05-14T18:33:26.802+00:00,2025-06-26T08:48:32.187+00:00
MC9375085,19,MC9375085,Self,150,104,29.409,TRUE,2025-05-14T19:02:30.802+00:00,2025-07-31T22:51:38.187+00:00
MC7785148,6,MC7785148,Self,15000,10,249.9,TRUE,2025-05-14T22:33:15.802+00:00,2025-06-05T21:57:23.187+00:00
MC9232448,6,MC9232448,Self,15000,4,99.96,TRUE,2025-05-15T16:35:31.802+00:00,2025-05-20T13:56:01.187+00:00
MC7299820,6,MC7299820,Self,15000,0,0,TRUE,2025-05-15T16:37:36.802+00:00,
MC9581388,6,MC9581388,Self,15000,16,399.84,TRUE,2025-05-15T16:39:03.802+00:00,2025-05-28T11:48:00.187+00:00
MC6506627,6,MC6506627,Self,15000,18,474.09,TRUE,2025-05-16T13:00:53.802+00:00,2025-07-23T08:05:19.187+00:00
MC7456490,6,MC7456490,Self,15000,85,2441.82,TRUE,2025-05-18T13:23:19.802+00:00,2025-08-01T02:17:06.187+00:00
MC7603661,6,MC7603661,Self,15000,4,99.96,TRUE,2025-05-18T13:24:48.802+00:00,2025-05-21T17:28:21.187+00:00
MC9471052,15,MC9471052,Self,150,102,28.9092,TRUE,2025-05-20T11:18:17.802+00:00,2025-07-31T14:08:49.187+00:00
MC2056416,4,MC2056416,Self,6000,63,658.872,TRUE,2025-05-20T11:22:15.802+00:00,2025-07-15T15:28:10.187+00:00
MC8610353,37,MC8610353,Self,2500,1,4.165,TRUE,2025-05-20T11:23:16.802+00:00,2025-06-23T16:22:55.187+00:00
MC2757705,1,MC2757705,Self,600,0,0,TRUE,2025-05-20T12:11:48.802+00:00,
MC7076453,15,MC7076453,Self,115,102,22.1648,TRUE,2025-05-20T12:49:12.802+00:00,2025-07-31T14:09:15.187+00:00
MC8869573,7,MC8869573,Self,100,21,4.1522,TRUE,2025-05-20T16:45:37.802+00:00,2025-07-30T10:36:01.187+00:00
MC8869573,7,MC8869573,Self,100,21,4.1522,TRUE,2025-05-20T16:45:47.802+00:00,2025-07-30T10:36:01.187+00:00
MC1471854,1148,MC1471854,Self,3000,110,637.776,TRUE,2025-05-20T18:56:50.802+00:00,2025-08-01T08:18:45.187+00:00
MC8708777,15,MC8708777,Self,75,104,15.0801,TRUE,2025-05-21T15:33:11.802+00:00,2025-07-31T17:40:43.187+00:00
MC2392346,6,MC2392346,Self,15000,23,574.77,TRUE,2025-05-23T11:50:02.802+00:00,2025-06-18T12:54:50.187+00:00
MC1382081,6,MC1382081,Self,15000,26,649.74,TRUE,2025-05-23T11:53:01.802+00:00,2025-07-04T21:31:32.187+00:00
MC2152453,6,MC2152453,Self,15000,2,49.98,TRUE,2025-05-23T11:54:22.802+00:00,2025-05-30T13:35:48.187+00:00
MC3564968,1,MC3564968,Self,100,106,51.123,TRUE,2025-05-24T14:31:24.802+00:00,2025-08-01T10:28:06.187+00:00
MC8374449,37,MC8374449,Self,2500,23,103.885,TRUE,2025-05-24T15:41:20.802+00:00,2025-07-16T01:24:09.187+00:00
MC3795778,1,MC3795778,Self,600,91,103.6608,TRUE,2025-05-24T20:13:35.802+00:00,2025-08-01T10:56:18.187+00:00
MC5591665,15,MC5591665,Auto,25,1,2,TRUE,2025-05-25T13:11:49.802+00:00,2025-06-24T14:03:42.187+00:00
MC8232151,15,MC8232151,Auto,25,1,2,TRUE,2025-05-25T13:24:33.802+00:00,2025-06-24T14:05:35.187+00:00
MC1603820,1,MC1603820,Self,100,108,52.2798,TRUE,2025-05-25T15:11:01.802+00:00,2025-08-01T11:02:45.187+00:00
MC1915335,15,MC1915335,Auto,25,1,2,TRUE,2025-05-25T15:19:41.802+00:00,2025-06-24T15:19:53.187+00:00
MC5359627,15,MC5359627,Self,25,84,4.1948,TRUE,2025-05-25T15:21:47.802+00:00,2025-07-31T14:04:32.187+00:00
MC3926309,15,MC3926309,Auto,25,1,2,TRUE,2025-05-25T15:33:47.802+00:00,2025-06-26T10:27:28.187+00:00
MC7000797,19,MC7000797,Self,100,102,19.9264,TRUE,2025-05-25T20:21:44.802+00:00,2025-07-31T19:44:12.187+00:00
MC9267266,15,MC9267266,Self,25,29,1.3717,TRUE,2025-05-26T09:57:41.802+00:00,2025-07-27T09:54:03.187+00:00
MC5832092,15,MC5832092,Self,25,100,6.8536,TRUE,2025-05-26T09:59:00.802+00:00,2025-07-31T18:17:05.187+00:00
MC1165261,15,MC1165261,Self,25,77,4.0975,TRUE,2025-05-26T13:16:09.802+00:00,2025-08-01T00:26:03.187+00:00
MC1364788,15,MC1364788,Auto,25,1,2,TRUE,2025-05-26T15:17:47.802+00:00,2025-06-25T16:55:06.187+00:00
MC2081636,1,MC2081636,Self,25,40,41.5419,TRUE,2025-05-26T19:25:13.802+00:00,2025-07-06T05:23:28.187+00:00
MC2081636,15,MC2081636,Self,25,40,41.5419,TRUE,2025-05-26T19:25:13.802+00:00,2025-07-06T05:23:28.187+00:00
MC4311217,1148,MC4311217,Self,3000,102,602.694,TRUE,2025-05-27T13:58:16.802+00:00,2025-08-01T10:27:34.187+00:00
MC8131371,1148,MC8131371,Self,3000,104,617.592,TRUE,2025-05-27T14:43:41.802+00:00,2025-08-01T11:02:36.187+00:00
MC1296209,2,MC1296209,Self,1000,0,0,TRUE,2025-05-28T15:42:56.802+00:00,
MC5053503,6,MC5053503,Self,15000,0,0,TRUE,2025-05-28T19:50:59.802+00:00,
MC4845337,19,MC4845337,Self,50,84,9.3094,TRUE,2025-05-30T09:29:06.802+00:00,2025-08-01T07:51:00.187+00:00
MC7048213,15,MC7048213,Self,25,14,0.5838,TRUE,2025-06-01T10:21:12.802+00:00,2025-06-17T06:34:11.187+00:00
MC8548529,15,MC8548529,Self,55,64,7.5673,TRUE,2025-06-01T16:18:49.802+00:00,2025-08-01T05:07:28.187+00:00
MC6106418,1148,MC6106418,Self,3000,89,537.72,TRUE,2025-06-02T08:37:11.802+00:00,2025-07-31T10:04:56.187+00:00
MC2946258,15,MC2946258,Auto,50,1,25,TRUE,2025-06-02T16:57:20.802+00:00,2025-07-02T17:59:25.187+00:00
MC2946258,19,MC2946258,Auto,50,1,25,TRUE,2025-06-02T16:57:20.802+00:00,2025-07-02T17:59:25.187+00:00
MC3405424,1148,MC3405424,Self,3000,88,532.722,TRUE,2025-06-02T18:26:32.802+00:00,2025-07-31T10:08:05.187+00:00
MC1810108,15,MC1810108,Self,150,86,26.1363,TRUE,2025-06-03T08:22:40.802+00:00,2025-07-31T10:05:22.187+00:00
MC1810108,1148,MC1810108,Self,150,86,26.1363,TRUE,2025-06-03T08:22:40.802+00:00,2025-07-31T10:05:22.187+00:00
MC1810108,1,MC1810108,Self,150,86,26.1363,TRUE,2025-06-03T08:22:40.802+00:00,2025-07-31T10:05:22.187+00:00
MC4980098,15,MC4980098,Self,25,44,2.4456,TRUE,2025-06-03T16:14:43.802+00:00,2025-08-01T05:16:11.187+00:00
MC5776929,15,MC5776929,Self,25,12,0.6636,TRUE,2025-06-03T16:53:56.802+00:00,2025-07-31T15:23:32.187+00:00
MC6901934,15,MC6901934,Self,25,6,0.291,TRUE,2025-06-04T08:24:34.802+00:00,2025-07-22T15:50:48.187+00:00
MC6301970,1104,MC6301970,Self,10000,64,1326.88,TRUE,2025-06-04T16:32:11.802+00:00,2025-08-01T06:01:10.187+00:00
MC3988379,3,MC3988379,Self,2000,79,325.16,TRUE,2025-06-04T16:34:03.802+00:00,2025-08-01T05:38:22.187+00:00
MC2878509,3,MC2878509,Self,2000,78,318.592,TRUE,2025-06-04T16:34:54.802+00:00,2025-08-01T05:16:59.187+00:00
MC5623181,3,MC5623181,Self,2000,76,315.164,TRUE,2025-06-04T16:36:08.802+00:00,2025-08-01T05:37:41.187+00:00
MC6244314,1,MC6244314,Self,100,75,15.4282,TRUE,2025-06-06T13:48:59.802+00:00,2025-07-31T17:13:21.187+00:00
MC1459401,1148,MC1459401,Self,3000,83,512.634,TRUE,2025-06-06T16:32:56.802+00:00,2025-08-01T11:04:52.187+00:00
MC7353896,1148,MC7353896,Self,3000,83,512.634,TRUE,2025-06-06T16:34:35.802+00:00,2025-08-01T11:04:40.187+00:00
MC5767815,1148,MC5767815,Self,3000,84,517.632,TRUE,2025-06-06T16:35:14.802+00:00,2025-08-01T11:05:05.187+00:00
MC5505724,1,MC5505724,Self,100,80,16.588,TRUE,2025-06-06T18:14:26.802+00:00,2025-08-01T15:13:41.187+00:00
MC3331511,3,MC3331511,Self,2000,61,252.112,TRUE,2025-06-07T11:40:49.802+00:00,2025-07-31T22:17:51.187+00:00
MC3072974,3,MC3072974,Self,2000,45,192.328,TRUE,2025-06-07T11:41:16.802+00:00,2025-07-31T14:39:27.187+00:00
MC9787611,3,MC9787611,Self,2000,51,215.556,TRUE,2025-06-07T11:41:36.802+00:00,2025-07-31T19:08:53.187+00:00
MC6694901,3,MC6694901,Self,2000,45,189.092,TRUE,2025-06-07T11:41:57.802+00:00,2025-07-29T07:20:14.187+00:00
MC6078218,3,MC6078218,Self,2000,52,231.96,TRUE,2025-06-07T11:42:26.802+00:00,2025-08-01T05:59:13.187+00:00
MC8782877,3,MC8782877,Self,2000,40,188.772,TRUE,2025-06-07T11:42:53.802+00:00,2025-08-01T06:00:03.187+00:00
MC5019772,3,MC5019772,Self,2000,0,0,TRUE,2025-06-07T11:44:17.802+00:00,
MC5242915,15,MC5242915,Self,25,51,3.7843,TRUE,2025-06-09T10:41:59.802+00:00,2025-08-01T00:26:38.187+00:00
MC5453359,3,MC5453359,Self,2000,71,291.968,TRUE,2025-06-09T11:35:20.802+00:00,2025-08-01T05:15:52.187+00:00
MC1023243,3,MC1023243,Self,2000,55,225.648,TRUE,2025-06-09T11:36:22.802+00:00,2025-07-31T09:37:06.187+00:00
MC1446685,3,MC1446685,Self,2000,27,89.964,TRUE,2025-06-09T11:37:37.802+00:00,2025-07-02T00:04:56.187+00:00
MC3323057,3,MC3323057,Self,2000,62,255.444,TRUE,2025-06-09T11:38:30.802+00:00,2025-07-31T21:13:02.187+00:00
MC9575154,3,MC9575154,Self,2000,66,278.608,TRUE,2025-06-09T11:39:19.802+00:00,2025-07-31T22:28:32.187+00:00
MC8240141,1,MC8240141,Self,400,63,51.108,TRUE,2025-06-09T15:36:50.802+00:00,2025-07-31T08:22:22.187+00:00
MC7228064,1,MC7228064,Self,100,63,12.9404,TRUE,2025-06-09T17:31:49.802+00:00,2025-07-31T19:57:33.187+00:00
MC5276082,19,MC5276082,Self,100,72,20.03,TRUE,2025-06-10T10:43:47.802+00:00,2025-08-01T07:48:46.187+00:00
MC5202905,2,MC5202905,Self,1000,67,142.604,TRUE,2025-06-10T10:51:07.802+00:00,2025-07-31T19:18:49.187+00:00
MC8761343,1148,MC8761343,Self,3000,72,447.852,TRUE,2025-06-10T11:23:56.802+00:00,2025-08-01T01:11:06.187+00:00
MC9014956,3,MC9014956,Self,2000,73,308.436,TRUE,2025-06-10T11:27:13.802+00:00,2025-08-01T10:04:59.187+00:00
MC9014956,15,MC9014956,Self,2000,73,308.436,TRUE,2025-06-10T11:27:13.802+00:00,2025-08-01T10:04:59.187+00:00
MC3128555,4,MC3128555,Self,6000,0,0,TRUE,2025-06-10T19:03:34.802+00:00,
MC1575393,3,MC1575393,Self,2000,63,271.848,TRUE,2025-06-11T18:13:22.802+00:00,2025-07-31T12:45:28.187+00:00
MC2682482,3,MC2682482,Self,2000,53,225.584,TRUE,2025-06-11T18:14:10.802+00:00,2025-08-01T07:35:00.187+00:00
MC1873419,3,MC1873419,Self,2000,11,43.124,TRUE,2025-06-11T18:15:13.802+00:00,2025-07-20T22:15:52.187+00:00
MC8270182,3,MC8270182,Self,2000,59,255.252,TRUE,2025-06-11T18:16:15.802+00:00,2025-08-01T10:04:46.187+00:00
MC9422959,19,MC9422959,Self,50,61,6.5479,TRUE,2025-06-12T17:45:43.802+00:00,2025-08-01T00:02:06.187+00:00
MC2177687,15,MC2177687,Self,25,45,2.2017,TRUE,2025-06-12T19:59:18.802+00:00,2025-07-31T11:17:13.187+00:00
MC1022043,15,MC1022043,Self,25,55,2.8223,TRUE,2025-06-12T20:13:11.802+00:00,2025-07-31T10:00:05.187+00:00
MC4061955,15,MC4061955,Self,25,56,2.864,TRUE,2025-06-12T20:16:10.802+00:00,2025-07-31T10:00:41.187+00:00
MC7630307,15,MC7630307,Self,25,67,3.5675,TRUE,2025-06-12T20:18:59.802+00:00,2025-07-31T17:31:09.187+00:00
MC1810108,1,MC1810108,Self,3000,68,432.762,TRUE,2025-06-13T09:02:02.802+00:00,2025-07-31T10:05:22.187+00:00
MC1810108,15,MC1810108,Self,3000,68,432.762,TRUE,2025-06-13T09:02:02.802+00:00,2025-07-31T10:05:22.187+00:00
MC1810108,1148,MC1810108,Self,3000,68,432.762,TRUE,2025-06-13T09:02:02.802+00:00,2025-07-31T10:05:22.187+00:00
MC6653851,19,MC6653851,Self,100,70,14.922,TRUE,2025-06-13T17:21:19.802+00:00,2025-08-01T05:40:38.187+00:00
MC1899810,19,MC1899810,Self,100,68,14.4254,TRUE,2025-06-14T08:36:18.802+00:00,2025-07-31T20:02:14.187+00:00
MC3297061,1,MC3297061,Self,300,55,33.8376,TRUE,2025-06-14T17:07:15.802+00:00,2025-08-01T05:57:58.187+00:00
MC5939786,1,MC5939786,Self,100,52,10.6176,TRUE,2025-06-14T17:08:17.802+00:00,2025-08-01T05:58:20.187+00:00
MC1660202,1094,MC1660202,Self,10000,2,33.32,TRUE,2025-06-14T20:23:09.802+00:00,2025-06-17T09:31:02.187+00:00
MC4637114,1093,MC4637114,Self,5000,7,58.31,TRUE,2025-06-14T20:27:04.802+00:00,2025-06-22T13:31:39.187+00:00
MC4831471,2,MC4831471,Self,1000,0,0,TRUE,2025-06-14T20:29:30.802+00:00,
MC8738212,2,MC8738212,Self,1000,0,0,TRUE,2025-06-14T20:30:45.802+00:00,
MC6224604,2,MC6224604,Self,1000,0,0,TRUE,2025-06-14T20:33:02.802+00:00,
MC4171798,2,MC4171798,Self,1000,0,0,TRUE,2025-06-14T20:34:06.802+00:00,
MC19040529,2,MC19040529,Self,1000,0,0,TRUE,2025-06-14T20:36:02.802+00:00,
MC8979820,2,MC8979820,Self,1000,0,0,TRUE,2025-06-14T20:39:29.802+00:00,
MC1904644,2,MC1904644,Self,1000,0,0,TRUE,2025-06-14T20:40:40.802+00:00,
MC4263243,2,MC4263243,Self,1000,0,0,TRUE,2025-06-14T20:42:03.802+00:00,
MC3529206,2,MC3529206,Self,1000,1,1.666,TRUE,2025-06-14T20:43:14.802+00:00,2025-06-20T19:57:17.187+00:00
MC9121924,19,MC9121924,Self,100,66,14.0922,TRUE,2025-06-15T07:11:56.802+00:00,2025-07-31T20:16:01.187+00:00
MC2407980,1148,MC2407980,Self,3000,65,417.768,TRUE,2025-06-15T09:53:26.802+00:00,2025-08-01T05:00:47.187+00:00
MC4994827,19,MC4994827,Auto,300,0,0,TRUE,2025-06-16T02:07:58.802+00:00,
MC9577715,19,MC9577715,Self,100,63,13.5924,TRUE,2025-06-16T06:43:06.802+00:00,2025-08-01T05:14:42.187+00:00
MC9577715,19,MC9577715,Self,200,62,26.8516,TRUE,2025-06-16T08:22:18.802+00:00,2025-08-01T05:14:42.187+00:00
MC2329434,19,MC2329434,Self,50,36,3.7333,TRUE,2025-06-16T16:18:53.802+00:00,2025-07-31T08:01:18.187+00:00
MC8123068,1148,MC8123068,Self,3000,42,302.814,TRUE,2025-06-19T15:35:45.802+00:00,2025-07-31T10:05:40.187+00:00
MC2933147,1148,MC2933147,Self,3000,45,308.052,TRUE,2025-06-20T16:18:40.802+00:00,2025-07-31T20:45:06.187+00:00
MC2933147,1148,MC2933147,Self,3000,45,308.052,TRUE,2025-06-20T16:19:08.802+00:00,2025-07-31T20:45:06.187+00:00
MC2274681,19,MC2274681,Self,50,42,4.6392,TRUE,2025-06-20T17:47:34.802+00:00,2025-07-30T18:40:30.187+00:00
MC6830910,1,MC6830910,Self,100,45,9.9416,TRUE,2025-06-21T16:47:40.802+00:00,2025-07-31T20:49:44.187+00:00
MC8436589,15,MC8436589,Auto,78,0,0,TRUE,2025-06-22T15:08:17.802+00:00,
MC9876220,1,MC9876220,Self,50,53,6.0449,TRUE,2025-06-22T15:13:36.802+00:00,2025-08-01T05:30:55.187+00:00
MC9876220,19,MC9876220,Self,50,53,6.0449,TRUE,2025-06-22T15:13:36.802+00:00,2025-08-01T05:30:55.187+00:00
MC9818660,19,MC9818660,Self,300,30,21.8328,TRUE,2025-06-22T17:19:16.802+00:00,2025-08-01T08:21:23.187+00:00
MC5591665,15,MC5591665,Auto,50,0,0,TRUE,2025-06-23T17:13:11.802+00:00,
MC7710524,15,MC7710524,Auto,25,0,0,TRUE,2025-06-24T16:01:26.802+00:00,
MC5212881,1148,MC5212881,Self,3000,48,332.802,TRUE,2025-06-24T16:15:43.802+00:00,2025-08-01T05:00:54.187+00:00
MC3745361,19,MC3745361,Self,50,26,3.7958,TRUE,2025-06-25T09:58:30.802+00:00,2025-08-01T05:01:22.187+00:00
MC4446264,15,MC4446264,Self,50,40,4.962,TRUE,2025-06-25T11:25:42.802+00:00,2025-08-01T04:10:34.187+00:00
MC8801046,15,MC8801046,Self,50,40,4.7177,TRUE,2025-06-25T12:18:46.802+00:00,2025-07-31T22:06:15.187+00:00
MC5400047,15,MC5400047,Self,75,43,7.6965,TRUE,2025-06-26T10:18:43.802+00:00,2025-08-01T14:31:27.187+00:00
MC2634695,1148,MC2634695,Self,3000,0,0,TRUE,2025-06-26T12:02:28.802+00:00,
MC9008309,15,MC9008309,Self,25,37,2.0713,TRUE,2025-06-26T13:04:00.802+00:00,2025-07-29T08:29:11.187+00:00
MC1165261,15,MC1165261,Self,25,35,2.0287,TRUE,2025-06-26T14:33:33.802+00:00,2025-08-01T00:26:03.187+00:00
MC1642111,15,MC1642111,Self,25,39,2.2363,TRUE,2025-06-26T15:40:54.802+00:00,2025-07-31T19:22:32.187+00:00
MC6244314,1,MC6244314,Self,100,42,9.9304,TRUE,2025-06-26T19:59:35.802+00:00,2025-07-31T17:13:21.187+00:00
MC3564968,1,MC3564968,Self,100,40,9.4338,TRUE,2025-06-27T13:24:04.802+00:00,2025-08-01T10:28:06.187+00:00
MC1646404,15,MC1646404,Self,25,39,2.3587,TRUE,2025-06-27T16:17:48.802+00:00,2025-07-31T05:10:22.187+00:00
MC9008309,15,MC9008309,Self,25,31,1.8211,TRUE,2025-06-29T11:58:27.802+00:00,2025-07-29T08:29:11.187+00:00
MC6223155,19,MC6223155,Self,100,26,7.2648,TRUE,2025-06-29T15:55:02.802+00:00,2025-07-31T10:06:03.187+00:00
MC7520252,15,MC7520252,Self,25,36,2.3152,TRUE,2025-06-29T18:16:55.802+00:00,2025-08-01T04:02:37.187+00:00
MC9008309,15,MC9008309,Self,50,30,3.5571,TRUE,2025-06-29T19:23:10.802+00:00,2025-07-29T08:29:11.187+00:00
MC1802055,19,MC1802055,Self,50,38,28.9733,TRUE,2025-06-29T20:05:47.802+00:00,2025-08-01T15:07:07.187+00:00
MC9988109,19,MC9988109,Self,50,36,4.5471,TRUE,2025-06-29T20:09:34.802+00:00,2025-07-31T18:28:24.187+00:00
MC9988109,1148,MC9988109,Self,50,36,4.5471,TRUE,2025-06-29T20:09:34.802+00:00,2025-07-31T18:28:24.187+00:00
MC4595039,15,MC4595039,Self,25,26,1.6134,TRUE,2025-06-29T20:32:42.802+00:00,2025-07-31T20:58:41.187+00:00
MC1178431,15,MC1178431,Auto,25,0,0,TRUE,2025-06-30T08:20:14.802+00:00,
MC5591665,15,MC5591665,Auto,75,0,0,TRUE,2025-06-30T08:22:55.802+00:00,
MC1364788,15,MC1364788,Auto,125,0,0,TRUE,2025-06-30T08:27:10.802+00:00,
MC6167752,19,MC6167752,Self,300,36,27.2826,TRUE,2025-06-30T08:31:50.802+00:00,2025-08-01T05:01:00.187+00:00
MC4999884,15,MC4999884,Auto,25,0,0,TRUE,2025-06-30T08:41:25.802+00:00,
MC8742601,1148,MC8742601,Self,3000,28,193.626,TRUE,2025-06-30T08:57:30.802+00:00,2025-07-23T20:48:50.187+00:00
MC1810108,1,MC1810108,Self,200,35,17.8552,TRUE,2025-06-30T11:05:13.802+00:00,2025-07-31T10:05:22.187+00:00
MC1810108,1148,MC1810108,Self,200,35,17.8552,TRUE,2025-06-30T11:05:13.802+00:00,2025-07-31T10:05:22.187+00:00
MC1810108,15,MC1810108,Self,200,35,17.8552,TRUE,2025-06-30T11:05:13.802+00:00,2025-07-31T10:05:22.187+00:00
MC1810108,1,MC1810108,Self,100,35,8.9276,TRUE,2025-06-30T11:15:24.802+00:00,2025-07-31T10:05:22.187+00:00
MC1810108,15,MC1810108,Self,100,35,8.9276,TRUE,2025-06-30T11:15:24.802+00:00,2025-07-31T10:05:22.187+00:00
MC1810108,1148,MC1810108,Self,100,35,8.9276,TRUE,2025-06-30T11:15:24.802+00:00,2025-07-31T10:05:22.187+00:00
MC1810108,1,MC1810108,Self,100,35,8.9276,TRUE,2025-06-30T12:09:26.802+00:00,2025-07-31T10:05:22.187+00:00
MC1810108,1148,MC1810108,Self,100,35,8.9276,TRUE,2025-06-30T12:09:26.802+00:00,2025-07-31T10:05:22.187+00:00
MC1810108,15,MC1810108,Self,100,35,8.9276,TRUE,2025-06-30T12:09:26.802+00:00,2025-07-31T10:05:22.187+00:00
MC1810108,1148,MC1810108,Self,200,35,17.8552,TRUE,2025-06-30T12:47:05.802+00:00,2025-07-31T10:05:22.187+00:00
MC1810108,15,MC1810108,Self,200,35,17.8552,TRUE,2025-06-30T12:47:05.802+00:00,2025-07-31T10:05:22.187+00:00
MC1810108,1,MC1810108,Self,200,35,17.8552,TRUE,2025-06-30T12:47:05.802+00:00,2025-07-31T10:05:22.187+00:00
MC1810108,1,MC1810108,Self,100,35,8.9276,TRUE,2025-06-30T13:08:33.802+00:00,2025-07-31T10:05:22.187+00:00
MC1810108,1148,MC1810108,Self,100,35,8.9276,TRUE,2025-06-30T13:08:33.802+00:00,2025-07-31T10:05:22.187+00:00
MC1810108,15,MC1810108,Self,100,35,8.9276,TRUE,2025-06-30T13:08:33.802+00:00,2025-07-31T10:05:22.187+00:00
MC2564876,19,MC2564876,Self,50,31,8.5899,TRUE,2025-06-30T15:31:44.802+00:00,2025-08-01T08:36:13.187+00:00
MC4852807,19,MC4852807,Self,200,37,18.8484,TRUE,2025-06-30T15:43:03.802+00:00,2025-08-01T04:05:39.187+00:00
MC7105640,15,MC7105640,Self,25,34,2.1094,TRUE,2025-06-30T17:08:05.802+00:00,2025-08-01T13:33:16.187+00:00
MC9926011,15,MC9926011,Self,25,20,1.2012,TRUE,2025-06-30T17:10:34.802+00:00,2025-07-30T05:00:34.187+00:00
MC1810108,1,MC1810108,Self,150,35,13.3914,TRUE,2025-06-30T17:52:12.802+00:00,2025-07-31T10:05:22.187+00:00
MC1810108,15,MC1810108,Self,150,35,13.3914,TRUE,2025-06-30T17:52:12.802+00:00,2025-07-31T10:05:22.187+00:00
MC1810108,1148,MC1810108,Self,150,35,13.3914,TRUE,2025-06-30T17:52:12.802+00:00,2025-07-31T10:05:22.187+00:00
MC9988109,1148,MC9988109,Self,3000,34,262.83,TRUE,2025-06-30T18:50:04.802+00:00,2025-07-31T18:28:24.187+00:00
MC9988109,19,MC9988109,Self,3000,34,262.83,TRUE,2025-06-30T18:50:04.802+00:00,2025-07-31T18:28:24.187+00:00
MC5832092,15,MC5832092,Self,42,35,3.7499,TRUE,2025-06-30T19:20:08.802+00:00,2025-07-31T18:17:05.187+00:00
MC1810108,15,MC1810108,Self,50,34,4.3805,TRUE,2025-06-30T21:54:08.802+00:00,2025-07-31T10:05:22.187+00:00
MC1810108,1,MC1810108,Self,50,34,4.3805,TRUE,2025-06-30T21:54:08.802+00:00,2025-07-31T10:05:22.187+00:00
MC1810108,1148,MC1810108,Self,50,34,4.3805,TRUE,2025-06-30T21:54:08.802+00:00,2025-07-31T10:05:22.187+00:00
MC6333566,15,MC6333566,Self,25,32,2.0668,TRUE,2025-07-01T10:05:11.802+00:00,2025-08-01T05:21:28.187+00:00
MC7510655,19,MC7510655,Self,50,0,0,TRUE,2025-07-01T17:03:28.802+00:00,
MC3937433,19,MC3937433,Self,50,32,4.1322,TRUE,2025-07-01T17:46:57.802+00:00,2025-07-31T21:03:36.187+00:00
MC4852807,19,MC4852807,Self,100,33,8.7578,TRUE,2025-07-02T15:14:29.802+00:00,2025-08-01T04:05:39.187+00:00
MC5521351,19,MC5521351,Self,50,27,3.634,TRUE,2025-07-03T01:08:00.802+00:00,2025-07-31T10:04:42.187+00:00
MC2081636,1,MC2081636,Self,50,23,3.2207,TRUE,2025-07-03T09:42:40.802+00:00,2025-08-01T11:03:39.187+00:00
MC2081636,15,MC2081636,Self,50,23,3.2207,TRUE,2025-07-03T09:42:40.802+00:00,2025-08-01T11:03:39.187+00:00
MC2402013,19,MC2402013,Self,300,26,22.3242,TRUE,2025-07-04T11:17:30.802+00:00,2025-08-01T06:02:53.187+00:00
MC9567251,19,MC9567251,Self,300,25,20.3142,TRUE,2025-07-04T11:31:28.802+00:00,2025-08-01T06:01:45.187+00:00
MC4915053,19,MC4915053,Self,300,26,21.3042,TRUE,2025-07-04T11:42:58.802+00:00,2025-08-01T06:01:56.187+00:00
MC6244314,1,MC6244314,Self,200,26,14.5296,TRUE,2025-07-04T13:42:46.802+00:00,2025-07-31T17:13:21.187+00:00
MC4063554,19,MC4063554,Self,50,22,3.1249,TRUE,2025-07-04T14:29:29.802+00:00,2025-07-31T08:53:48.187+00:00
MC9984121,19,MC9984121,Self,300,21,17.3394,TRUE,2025-07-04T14:31:45.802+00:00,2025-07-31T14:25:59.187+00:00
MC9081836,19,MC9081836,Self,150,23,9.9048,TRUE,2025-07-04T14:33:36.802+00:00,2025-07-31T14:18:44.187+00:00
MC9424683,19,MC9424683,Self,300,27,23.2746,TRUE,2025-07-05T10:15:13.802+00:00,2025-08-01T04:03:52.187+00:00
MC2640189,19,MC2640189,Self,300,27,23.2746,TRUE,2025-07-05T10:58:56.802+00:00,2025-08-01T04:02:30.187+00:00
MC7630307,15,MC7630307,Self,125,24,8.871,TRUE,2025-07-05T11:08:21.802+00:00,2025-07-31T17:31:09.187+00:00
MC7067898,1148,MC7067898,Self,3000,24,207.948,TRUE,2025-07-05T15:13:44.802+00:00,2025-07-31T22:56:33.187+00:00
MC6157351,15,MC6157351,Self,25,24,1.6924,TRUE,2025-07-05T17:26:20.802+00:00,2025-08-01T04:44:02.187+00:00
MC5296570,1148,MC5296570,Self,3000,19,173.25,TRUE,2025-07-06T12:45:13.802+00:00,2025-07-31T17:04:17.187+00:00
MC2138897,1148,MC2138897,Self,3000,23,202.95,TRUE,2025-07-06T12:46:25.802+00:00,2025-08-01T07:03:14.187+00:00
MC4631188,2,MC4631188,Self,725,20,45.4576,TRUE,2025-07-08T12:29:59.802+00:00,2025-08-01T07:18:42.187+00:00
MC7465314,1148,MC7465314,Self,3000,21,193.05,TRUE,2025-07-08T13:36:14.802+00:00,2025-08-01T06:01:33.187+00:00
MC3384067,15,MC3384067,Self,25,13,0.9901,TRUE,2025-07-09T07:42:33.802+00:00,2025-08-01T12:13:29.187+00:00
MC2060628,19,MC2060628,Self,100,18,5.775,TRUE,2025-07-11T10:45:45.802+00:00,2025-08-01T06:02:32.187+00:00
MC9521935,1,MC9521935,Auto,500,0,0,TRUE,2025-07-11T12:24:50.802+00:00,
MC2737970,1,MC2737970,Auto,500,0,0,TRUE,2025-07-11T12:25:45.802+00:00,
MC3428977,1,MC3428977,Auto,500,0,0,TRUE,2025-07-11T12:26:36.802+00:00,
MC6946989,2,MC6946989,Self,1000,20,64.35,TRUE,2025-07-11T12:55:09.802+00:00,2025-07-31T15:04:38.187+00:00
MC3931889,1104,MC3931889,Self,10000,13,429,TRUE,2025-07-11T13:08:36.802+00:00,2025-07-31T17:11:22.187+00:00
MC3243987,1148,MC3243987,Self,3000,20,198,TRUE,2025-07-11T20:14:38.802+00:00,2025-08-01T09:26:50.187+00:00
MC1605313,2,MC1605313,Self,1000,0,0,TRUE,2025-07-14T11:41:39.802+00:00,
MC5125787,37,MC5125787,Auto,2000,0,0,TRUE,2025-07-14T11:45:35.802+00:00,
MC2023184,1,MC2023184,Auto,500,0,0,TRUE,2025-07-14T11:46:33.802+00:00,
MC5716524,1,MC5716524,Auto,500,0,0,TRUE,2025-07-14T11:47:21.802+00:00,
MC4147281,19,MC4147281,Self,300,14,10.395,TRUE,2025-07-15T12:31:51.802+00:00,2025-08-01T06:02:37.187+00:00
MC5127419,19,MC5127419,Self,300,0,0,TRUE,2025-07-15T12:32:34.802+00:00,
MC7418397,19,MC7418397,Self,300,14,10.395,TRUE,2025-07-15T13:48:29.802+00:00,2025-07-31T15:04:29.187+00:00
MC7417980,15,MC7417980,Self,25,13,0.8253,TRUE,2025-07-17T10:30:37.802+00:00,2025-08-01T15:06:35.187+00:00
MC2987615,1148,MC2987615,Self,3000,8,64.35,TRUE,2025-07-17T11:24:06.802+00:00,2025-07-30T19:35:57.187+00:00
MC6809025,2,MC6809025,Self,1500,9,42.075,TRUE,2025-07-22T21:43:38.802+00:00,2025-08-01T05:31:10.187+00:00
MC9133363,2,MC9133363,Self,1500,9,42.075,TRUE,2025-07-22T21:44:20.802+00:00,2025-08-01T05:31:04.187+00:00
MC8769755,2,MC8769755,Self,1500,9,42.075,TRUE,2025-07-22T21:45:06.802+00:00,2025-08-01T05:31:16.187+00:00
MC9876220,1,MC9876220,Self,400,9,9,TRUE,2025-07-22T22:02:43.802+00:00,2025-08-01T05:30:55.187+00:00
MC9876220,19,MC9876220,Self,400,9,9,TRUE,2025-07-22T22:02:43.802+00:00,2025-08-01T05:30:55.187+00:00
MC9876220,1,MC9876220,Self,110,8,1.6335,TRUE,2025-07-23T11:07:44.802+00:00,2025-08-01T05:30:55.187+00:00
MC9876220,19,MC9876220,Self,110,8,1.6335,TRUE,2025-07-23T11:07:44.802+00:00,2025-08-01T05:30:55.187+00:00
MC2192955,19,MC2192955,Self,50,6,0.495,TRUE,2025-07-24T22:35:10.802+00:00,2025-07-31T10:06:41.187+00:00
MC7711812,19,MC7711812,Self,50,6,0.5775,TRUE,2025-07-25T16:05:18.802+00:00,2025-07-31T19:38:24.187+00:00
MC1802055,19,MC1802055,Self,50,6,0.5775,TRUE,2025-07-26T14:42:34.802+00:00,2025-08-01T15:07:07.187+00:00
MC1469782,1148,MC1469782,Self,3000,5,34.65,TRUE,2025-07-26T15:48:41.802+00:00,2025-07-31T16:02:50.187+00:00
MC3331331,15,MC3331331,Self,25,3,0.1651,TRUE,2025-07-26T16:40:44.802+00:00,2025-07-31T19:30:01.187+00:00
MC1165261,15,MC1165261,Self,50,3,0.33,TRUE,2025-07-28T10:04:01.802+00:00,2025-08-01T00:26:03.187+00:00
MC5242915,15,MC5242915,Self,50,3,0.33,TRUE,2025-07-28T11:16:52.802+00:00,2025-08-01T00:26:38.187+00:00
MC4320184,1,MC4320184,Self,100,3,0.825,TRUE,2025-07-28T18:33:23.802+00:00,2025-07-31T19:21:21.187+00:00
MC2081636,15,MC2081636,Self,100,3,0.66,TRUE,2025-07-28T21:36:08.802+00:00,2025-08-01T11:03:39.187+00:00
MC2081636,1,MC2081636,Self,100,3,0.66,TRUE,2025-07-28T21:36:08.802+00:00,2025-08-01T11:03:39.187+00:00
MC2081636,1,MC2081636,Self,86,3,0.5676,TRUE,2025-07-28T21:37:17.802+00:00,2025-08-01T11:03:39.187+00:00
MC2081636,15,MC2081636,Self,86,3,0.5676,TRUE,2025-07-28T21:37:17.802+00:00,2025-08-01T11:03:39.187+00:00
MC6244314,1,MC6244314,Self,109,2,0.7194,TRUE,2025-07-29T07:42:58.802+00:00,2025-07-31T17:13:21.187+00:00
MC1426670,19,MC1426670,Self,300,1,0.495,TRUE,2025-07-30T01:07:54.802+00:00,2025-07-31T03:22:34.187+00:00
MC1802055,19,MC1802055,Self,100,1,0.33,TRUE,2025-07-31T11:44:41.802+00:00,2025-08-01T15:07:07.187+00:00
MC2192955,19,MC2192955,Self,50,0,0,TRUE,2025-07-31T12:37:22.802+00:00,
MC2382709,19,MC2382709,Self,50,0,0,TRUE,2025-07-31T12:58:11.802+00:00,
MC6244314,1,MC6244314,Self,41,0,0,TRUE,2025-08-01T13:49:27.802+00:00,
